Date,1mCHFL,3mCHFL,6mCHFL,12mCHFL,1ySNB,2ySNB,3ySNB,4ySNB,5ySNB,6ySNB,7ySNB,8ySNB,9ySNB,10ySNB,20ySNB,30ySNB
26329,,,,,,,,,,,,,,,,
26358,,,,,,,,,,,,,,,,
26389,,,,,,,,,,,,,,,,
26419,,,,,,,,,,,,,,,,
26450,,,,,,,,,,,,,,,,
26480,,,,,,,,,,,,,,,,
26511,,,,,,,,,,,,,,,,
26542,,,,,,,,,,,,,,,,
26572,,,,,,,,,,,,,,,,
26603,,,,,,,,,,,,,,,,
26633,,,,,,,,,,,,,,,,
26664,,,,,,,,,,,,,,,,
26695,,,,,,,,,,,,,,,,
26723,,,,,,,,,,,,,,,,
26754,,,,,,,,,,,,,,,,
26784,,,,,,,,,,,,,,,,
26815,,,,,,,,,,,,,,,,
26845,,,,,,,,,,,,,,,,
26876,,,,,,,,,,,,,,,,
26907,,,,,,,,,,,,,,,,
26937,,,,,,,,,,,,,,,,
26968,,,,,,,,,,,,,,,,
26998,,,,,,,,,,,,,,,,
27029,,,,,,,,,,,,,,,,
27060,,,,,,,,,,,,,,,,
27088,,,,,,,,,,,,,,,,
27119,,,,,,,,,,,,,,,,
27149,,,,,,,,,,,,,,,,
27180,,,,,,,,,,,,,,,,
27210,,,,,,,,,,,,,,,,
27241,,,,,,,,,,,,,,,,
27272,,,,,,,,,,,,,,,,
27302,,,,,,,,,,,,,,,,
27333,,,,,,,,,,,,,,,,
27363,,,,,,,,,,,,,,,,
27394,,,,,,,,,,,,,,,,
27425,,,,,,,,,,,,,,,,
27453,,,,,,,,,,,,,,,,
27484,,,,,,,,,,,,,,,,
27514,,,,,,,,,,,,,,,,
27545,,,,,,,,,,,,,,,,
27575,,,,,,,,,,,,,,,,
27606,,,,,,,,,,,,,,,,
27637,,,,,,,,,,,,,,,,
27667,,,,,,,,,,,,,,,,
27698,,,,,,,,,,,,,,,,
27728,,,,,,,,,,,,,,,,
27759,,,,,,,,,,,,,,,,
27790,,,,,,,,,,,,,,,,
27819,,,,,,,,,,,,,,,,
27850,,,,,,,,,,,,,,,,
27880,,,,,,,,,,,,,,,,
27911,,,,,,,,,,,,,,,,
27941,,,,,,,,,,,,,,,,
27972,,,,,,,,,,,,,,,,
28003,,,,,,,,,,,,,,,,
28033,,,,,,,,,,,,,,,,
28064,,,,,,,,,,,,,,,,
28094,,,,,,,,,,,,,,,,
28125,,,,,,,,,,,,,,,,
28156,,,,,,,,,,,,,,,,
28184,,,,,,,,,,,,,,,,
28215,,,,,,,,,,,,,,,,
28245,,,,,,,,,,,,,,,,
28276,,,,,,,,,,,,,,,,
28306,,,,,,,,,,,,,,,,
28337,,,,,,,,,,,,,,,,
28368,,,,,,,,,,,,,,,,
28398,,,,,,,,,,,,,,,,
28429,,,,,,,,,,,,,,,,
28459,,,,,,,,,,,,,,,,
28490,,,,,,,,,,,,,,,,
28521,,,,,,,,,,,,,,,,
28549,,,,,,,,,,,,,,,,
28580,,,,,,,,,,,,,,,,
28610,,,,,,,,,,,,,,,,
28641,,,,,,,,,,,,,,,,
28671,,,,,,,,,,,,,,,,
28702,,,,,,,,,,,,,,,,
28733,,,,,,,,,,,,,,,,
28763,,,,,,,,,,,,,,,,
28794,,,,,,,,,,,,,,,,
28824,,,,,,,,,,,,,,,,
28855,,,,,,,,,,,,,,,,
28886,,,,,,,,,,,,,,,,
28914,,,,,,,,,,,,,,,,
28945,,,,,,,,,,,,,,,,
28975,,,,,,,,,,,,,,,,
29006,,,,,,,,,,,,,,,,
29036,,,,,,,,,,,,,,,,
29067,,,,,,,,,,,,,,,,
29098,,,,,,,,,,,,,,,,
29128,,,,,,,,,,,,,,,,
29159,,,,,,,,,,,,,,,,
29189,,,,,,,,,,,,,,,,
29220,,,,,,,,,,,,,,,,
29251,,,,,,,,,,,,,,,,
29280,,,,,,,,,,,,,,,,
29311,,,,,,,,,,,,,,,,
29341,,,,,,,,,,,,,,,,
29372,,,,,,,,,,,,,,,,
29402,,,,,,,,,,,,,,,,
29433,,,,,,,,,,,,,,,,
29464,,,,,,,,,,,,,,,,
29494,,,,,,,,,,,,,,,,
29525,,,,,,,,,,,,,,,,
29555,,,,,,,,,,,,,,,,
29586,,,,,,,,,,,,,,,,
29617,,,,,,,,,,,,,,,,
29645,,,,,,,,,,,,,,,,
29676,,,,,,,,,,,,,,,,
29706,,,,,,,,,,,,,,,,
29737,,,,,,,,,,,,,,,,
29767,,,,,,,,,,,,,,,,
29798,,,,,,,,,,,,,,,,
29829,,,,,,,,,,,,,,,,
29859,,,,,,,,,,,,,,,,
29890,,,,,,,,,,,,,,,,
29920,,,,,,,,,,,,,,,,
29951,,,,,,,,,,,,,,,,
29982,,,,,,,,,,,,,,,,
30010,,,,,,,,,,,,,,,,
30041,,,,,,,,,,,,,,,,
30071,,,,,,,,,,,,,,,,
30102,,,,,,,,,,,,,,,,
30132,,,,,,,,,,,,,,,,
30163,,,,,,,,,,,,,,,,
30194,,,,,,,,,,,,,,,,
30224,,,,,,,,,,,,,,,,
30255,,,,,,,,,,,,,,,,
30285,,,,,,,,,,,,,,,,
30316,,,,,,,,,,,,,,,,
30347,,,,,,,,,,,,,,,,
30375,,,,,,,,,,,,,,,,
30406,,,,,,,,,,,,,,,,
30436,,,,,,,,,,,,,,,,
30467,,,,,,,,,,,,,,,,
30497,,,,,,,,,,,,,,,,
30528,,,,,,,,,,,,,,,,
30559,,,,,,,,,,,,,,,,
30589,,,,,,,,,,,,,,,,
30620,,,,,,,,,,,,,,,,
30650,,,,,,,,,,,,,,,,
30681,,,,,,,,,,,,,,,,
30712,,,,,,,,,,,,,,,,
30741,,,,,,,,,,,,,,,,
30772,,,,,,,,,,,,,,,,
30802,,,,,,,,,,,,,,,,
30833,,,,,,,,,,,,,,,,
30863,,,,,,,,,,,,,,,,
30894,,,,,,,,,,,,,,,,
30925,,,,,,,,,,,,,,,,
30955,,,,,,,,,,,,,,,,
30986,,,,,,,,,,,,,,,,
31016,,,,,,,,,,,,,,,,
31047,,,,,,,,,,,,,,,,
31078,,,,,,,,,,,,,,,,
31106,,,,,,,,,,,,,,,,
31137,,,,,,,,,,,,,,,,
31167,,,,,,,,,,,,,,,,
31198,,,,,,,,,,,,,,,,
31228,,,,,,,,,,,,,,,,
31259,,,,,,,,,,,,,,,,
31290,,,,,,,,,,,,,,,,
31320,,,,,,,,,,,,,,,,
31351,,,,,,,,,,,,,,,,
31381,,,,,,,,,,,,,,,,
31412,,,,,,,,,,,,,,,,
31443,,,,,,,,,,,,,,,,
31471,,,,,,,,,,,,,,,,
31502,,,,,,,,,,,,,,,,
31532,,,,,,,,,,,,,,,,
31563,,,,,,,,,,,,,,,,
31593,,,,,,,,,,,,,,,,
31624,,,,,,,,,,,,,,,,
31655,,,,,,,,,,,,,,,,
31685,,,,,,,,,,,,,,,,
31716,,,,,,,,,,,,,,,,
31746,,,,,,,,,,,,,,,,
31777,,,,,,,,,,,,,,,,
31808,,,,,,,,,,,,,,,,
31836,,,,,,,,,,,,,,,,
31867,,,,,,,,,,,,,,,,
31897,,,,,,,,,,,,,,,,
31928,,,,,,,,,,,,,,,,
31958,,,,,,,,,,,,,,,,
31989,,,,,,,,,,,,,,,,
32020,,,,,,,,,,,,,,,,
32050,,,,,,,,,,,,,,,,
32081,,,,,,,,,,,,,,,,
32111,,,,,,,,,,,,,,,,
32142,,,,,,,,,,,,,,,,
32173,,,,,2.887,3.218,3.393,3.554,3.695,3.81,3.904,3.98,4.041,4.092,4.326,
32202,,,,,2.638,2.99,3.271,3.498,3.672,3.804,3.905,3.984,4.047,4.098,4.332,
32233,,,,,2.641,3.263,3.573,3.734,3.823,3.878,3.916,3.946,3.972,3.998,4.255,
32263,,,,,2.8,3.25,3.467,3.594,3.684,3.757,3.819,3.874,3.923,3.965,4.2,
32294,,,,,3.191,3.602,3.802,3.909,3.974,4.019,4.054,4.082,4.106,4.127,4.247,
32324,,,,,3.642,3.707,3.764,3.83,3.897,3.96,4.017,4.069,4.115,4.155,4.38,
32355,,,,,4.161,4.195,4.206,4.212,4.215,4.218,4.219,4.221,4.222,4.222,4.226,
32386,,,,,4.044,3.959,3.943,3.981,4.037,4.096,4.153,4.204,4.251,4.292,4.498,
32416,,,,,3.814,3.798,3.871,3.962,4.041,4.105,4.156,4.197,4.23,4.257,4.381,
32447,,,,,4.108,4.157,4.089,4.025,3.986,3.967,3.965,3.974,3.991,4.014,4.406,
32477,,,,,4.506,4.29,4.144,4.054,4.003,3.981,3.979,3.991,4.013,4.042,4.387,
32508,,,,,4.691,4.425,4.24,4.131,4.074,4.05,4.048,4.06,4.081,4.107,4.374,
32539,5.6875,5.875,5.9375,5.9375,5.651,5.14,4.862,4.727,4.653,4.606,4.574,4.55,4.531,4.517,4.45,
32567,6,6.125,6.25,6.25,6.079,5.522,5.202,5.03,4.926,4.857,4.808,4.771,4.742,4.719,4.615,
32598,5.6875,5.875,6.125,6.20313,5.993,5.473,5.179,5.035,4.954,4.901,4.864,4.836,4.815,4.798,4.72,
32628,6.625,6.625,6.625,6.625,6.443,5.845,5.439,5.231,5.132,5.086,5.066,5.058,5.055,5.054,5.061,
32659,8.4375,8.25,8,7.8125,7.446,6.476,5.926,5.639,5.483,5.392,5.334,5.294,5.265,5.242,5.143,
32689,7.5625,7.5,7.375,7.25,6.922,6.019,5.455,5.178,5.066,5.035,5.041,5.06,5.083,5.105,5.229,
32720,7.125,7,6.875,6.79688,6.397,5.618,5.273,5.153,5.123,5.125,5.136,5.15,5.162,5.173,5.226,
32751,7.5,7.5,7.5,7.375,7.07,6.145,5.567,5.297,5.19,5.159,5.158,5.168,5.182,5.195,5.265,
32781,7.75,7.9375,7.9375,7.8125,7.606,6.648,5.979,5.625,5.451,5.37,5.332,5.317,5.312,5.311,5.331,
32812,7.875,8,8,7.9375,7.534,6.571,6.029,5.743,5.581,5.482,5.417,5.371,5.337,5.31,5.195,
32842,7.8125,7.9375,7.9375,7.875,7.456,6.45,5.92,5.689,5.582,5.526,5.491,5.468,5.45,5.437,5.376,
32873,9.375,9.1875,8.875,8.625,8.069,6.736,6.128,5.875,5.764,5.707,5.673,5.649,5.632,5.618,5.556,
32904,9.625,9.6875,9.625,9.4375,9.093,7.649,6.841,6.456,6.269,6.172,6.117,6.082,6.058,6.04,5.967,
32932,9.1875,9.3125,9.375,9.375,8.788,7.785,7.236,6.918,6.714,6.575,6.474,6.398,6.339,6.292,6.079,
32963,8.9375,9,9,9.0625,8.683,7.734,7.163,6.871,6.717,6.627,6.57,6.529,6.499,6.475,6.37,
32993,9.375,9.375,9.375,9.375,8.971,7.831,7.182,6.881,6.745,6.683,6.655,6.641,6.633,6.629,6.619,
33024,8.8125,8.8125,8.75,8.625,8.014,6.923,6.531,6.402,6.355,6.333,6.321,6.312,6.305,6.3,6.277,
33054,9.0625,9,8.875,8.5,8.123,6.988,6.508,6.323,6.246,6.208,6.184,6.168,6.156,6.147,6.105,
33085,8.96875,8.95313,8.9375,8.625,8.263,6.931,6.347,6.143,6.08,6.065,6.065,6.069,6.074,6.078,6.1,
33116,8.375,8.625,8.6875,8.6875,8.321,7.38,6.885,6.665,6.566,6.52,6.5,6.49,6.486,6.484,6.484,
33146,7.9375,8.25,8.375,8.4375,7.952,7.071,6.717,6.598,6.555,6.536,6.525,6.518,6.513,6.509,6.491,
33177,8.125,8.3125,8.375,8.375,7.796,6.983,6.695,6.595,6.553,6.531,6.516,6.506,6.498,6.491,6.463,
33207,8.98438,8.9375,8.75,8.625,8.36,7.363,6.923,6.753,6.677,6.635,6.609,6.589,6.574,6.563,6.51,
33238,8.75,8.75,8.75,8.5625,8.152,7.358,6.927,6.728,6.643,6.609,6.598,6.596,6.598,6.601,6.623,
33269,8.125,8.125,8.125,8.0625,7.755,6.952,6.574,6.44,6.402,6.395,6.399,6.404,6.41,6.415,6.438,
33297,8.3125,8.25,8.125,7.875,7.66,6.925,6.534,6.352,6.271,6.236,6.223,6.219,6.219,6.221,6.237,
33328,8.75,8.625,8.4375,8,7.629,6.702,6.355,6.231,6.185,6.167,6.16,6.157,6.156,6.155,6.152,
33358,8.625,8.625,8.5,8.1875,7.81,6.851,6.424,6.237,6.146,6.096,6.065,6.044,6.028,6.016,5.961,
33389,8,8,8,7.875,7.544,6.61,6.129,5.925,5.844,5.814,5.806,5.806,5.809,5.813,5.838,
33419,7.9375,8,8,7.875,7.644,6.753,6.25,6.039,5.964,5.945,5.946,5.954,5.963,5.971,6.015,
33450,7.82813,7.9375,8,7.875,7.451,6.695,6.36,6.204,6.123,6.076,6.045,6.024,6.008,5.996,5.941,
33481,8.14063,8.0625,8,7.875,7.501,6.775,6.463,6.324,6.248,6.2,6.167,6.142,6.122,6.107,6.036,
33511,8.1875,8.25,8.1875,8,7.39,6.661,6.445,6.353,6.301,6.266,6.242,6.223,6.209,6.198,6.146,
33542,8.04688,8.375,8.375,8.375,7.839,7.26,7.048,6.944,6.88,6.834,6.795,6.761,6.729,6.698,6.384,
33572,8.1875,8.125,8.0625,7.9375,7.636,7.056,6.809,6.701,6.653,6.634,6.629,6.629,6.633,6.637,6.67,
33603,8.125,8.1875,8.1875,8,7.415,6.578,6.379,6.349,6.35,6.356,6.361,6.365,6.368,6.37,6.382,
33634,7.5,7.5,7.5,7.4375,7.22,6.627,6.304,6.179,6.143,6.14,6.147,6.157,6.167,6.175,6.214,
33663,7.75,7.6875,7.625,7.4375,7.242,6.697,6.419,6.288,6.222,6.186,6.164,6.15,6.14,6.132,6.099,
33694,9.0625,8.9375,8.6875,8.375,7.917,6.938,6.608,6.536,6.546,6.576,6.608,6.635,6.658,6.676,6.762,
33724,9,8.875,8.75,8.4375,8.104,7.228,6.854,6.705,6.639,6.604,6.581,6.566,6.554,6.545,6.503,
33755,9.625,9.4375,9.15625,8.875,8.494,7.522,7.071,6.89,6.828,6.815,6.821,6.834,6.848,6.861,6.93,
33785,9.25,9.25,9.1875,8.875,8.513,7.622,7.27,7.122,7.048,7.004,6.975,6.953,6.937,6.924,6.865,
33816,8.59375,8.625,8.625,8.5,8.322,7.65,7.31,7.143,7.048,6.987,6.944,6.912,6.887,6.867,6.778,
33847,7.76563,7.875,7.875,7.82813,7.7,7.292,7.061,6.959,6.913,6.889,6.875,6.866,6.859,6.854,6.83,
33877,6.96875,6.98438,7,6.8125,6.959,6.779,6.606,6.478,6.393,6.341,6.312,6.298,6.292,6.292,6.33,
33908,6.375,6.375,6.35938,6.0625,5.95,5.821,5.791,5.816,5.865,5.923,5.979,6.028,6.065,6.092,5.851,
33938,7.0625,6.70313,6.42188,6.01563,6.064,5.887,5.845,5.867,5.913,5.963,6.006,6.038,6.056,6.063,5.762,
33969,6.14063,6,5.8125,5.5625,5.797,5.529,5.433,5.428,5.466,5.519,5.573,5.619,5.655,5.68,5.526,
34000,5.4375,5.4375,5.40625,5.1875,5.139,5.114,5.14,5.195,5.263,5.333,5.399,5.456,5.503,5.539,5.36,
34028,5.625,5.5,5.25,4.9375,4.894,4.785,4.826,4.872,4.899,4.911,4.914,4.913,4.91,4.907,4.888,
34059,5.42188,5.1875,4.9375,4.625,4.509,4.444,4.475,4.522,4.566,4.602,4.631,4.654,4.673,4.688,4.756,
34089,5.26563,5.125,4.875,4.59375,4.47,4.267,4.346,4.473,4.582,4.666,4.729,4.777,4.815,4.845,4.981,
34120,5.1875,5.15625,5,4.8125,4.626,4.257,4.239,4.348,4.474,4.584,4.673,4.743,4.8,4.846,5.054,
34150,5.15625,5.03125,4.84375,4.60938,4.54,4.364,4.352,4.389,4.432,4.471,4.503,4.529,4.549,4.566,4.643,
34181,4.75,4.6875,4.625,4.5,4.317,4.259,4.308,4.376,4.434,4.479,4.51,4.53,4.542,4.546,4.39,
34212,5,4.8125,4.625,4.4375,4.336,4.225,4.268,4.335,4.392,4.432,4.457,4.471,4.478,4.479,4.418,
34242,4.75,4.75,4.5625,4.3125,4.213,4.111,4.132,4.195,4.264,4.325,4.374,4.411,4.438,4.455,4.379,
34273,4.625,4.5625,4.375,4.125,3.999,3.888,3.926,3.993,4.056,4.105,4.142,4.17,4.192,4.208,4.268,
34303,4.75,4.5,4.25,4,3.867,3.767,3.831,3.927,4.015,4.087,4.143,4.186,4.22,4.247,4.368,
34334,4.3125,4.125,3.9375,3.75,3.552,3.457,3.534,3.658,3.781,3.886,3.971,4.039,4.093,4.136,4.321,
34365,4.3125,4.07813,3.9375,3.75,3.653,3.543,3.613,3.733,3.854,3.957,4.042,4.109,4.163,4.206,4.391,
34393,4.25,4.17188,4.09375,4,3.806,3.686,3.807,3.969,4.109,4.22,4.305,4.371,4.423,4.465,4.654,
34424,4.25,4.1875,4.125,4.0625,3.941,3.948,4.035,4.146,4.258,4.358,4.445,4.519,4.582,4.634,4.889,
34454,3.95313,4,4,4,4.033,4.193,4.347,4.49,4.621,4.737,4.839,4.926,5.001,5.062,5.203,
34485,4.29688,4.25,4.25,4.26563,4.045,3.978,4.131,4.334,4.523,4.681,4.807,4.907,4.984,5.046,5.307,
34515,4.25,4.32813,4.4375,4.64063,4.367,4.343,4.513,4.721,4.897,5.034,5.139,5.219,5.283,5.334,5.565,
34546,4.3125,4.375,4.5,4.625,4.452,4.449,4.552,4.701,4.846,4.97,5.071,5.153,5.219,5.273,5.523,
34577,4.1875,4.3125,4.5,4.76563,4.605,4.776,4.919,5.049,5.16,5.253,5.33,5.394,5.447,5.492,5.713,
34607,3.9375,4.1875,4.34375,4.75,4.535,4.843,5.04,5.188,5.306,5.402,5.48,5.543,5.594,5.636,5.821,
34638,3.75,4.0625,4.1875,4.625,4.336,4.761,5.021,5.188,5.302,5.385,5.45,5.504,5.551,5.594,5.869,
34668,3.875,4.01563,4.25,4.5625,4.424,4.723,4.915,5.051,5.148,5.218,5.271,5.311,5.343,5.368,5.483,
34699,3.98438,4.29688,4.5,4.79688,4.586,4.718,4.842,4.957,5.051,5.126,5.186,5.234,5.272,5.304,5.45,
34730,3.8125,4,4.25,4.5625,4.423,4.64,4.799,4.932,5.04,5.125,5.192,5.245,5.287,5.322,5.483,
34758,3.625,3.875,4.0625,4.4375,4.259,4.595,4.791,4.93,5.036,5.12,5.188,5.243,5.288,5.325,5.499,
34789,3.5,3.5,3.625,3.75,3.812,4.2,4.467,4.662,4.808,4.92,5.007,5.077,5.133,5.179,5.393,
34819,3.4375,3.5,3.5625,3.6875,3.644,3.955,4.206,4.41,4.574,4.707,4.815,4.902,4.974,5.033,5.314,
34850,3.25,3.26563,3.32813,3.4375,3.48,3.815,4.069,4.268,4.426,4.554,4.658,4.743,4.814,4.873,5.162,
34880,3.125,3.125,3.20313,3.39063,3.322,3.682,3.969,4.201,4.39,4.545,4.671,4.776,4.863,4.936,5.289,
34911,2.625,2.73438,2.875,3.0625,3.034,3.46,3.799,4.069,4.284,4.455,4.592,4.701,4.788,4.859,5.127,
34942,2.875,2.875,2.875,2.9375,3.065,3.461,3.748,3.976,4.164,4.319,4.449,4.558,4.651,4.73,5.135,
34972,2.46875,2.48438,2.48438,2.48438,2.58,2.945,3.248,3.52,3.761,3.971,4.153,4.308,4.441,4.555,5.129,
35003,2,2.07813,2.09375,2.125,2.187,2.758,3.117,3.392,3.623,3.821,3.992,4.14,4.268,4.38,4.967,
35033,2.3125,2.125,2,1.9375,1.896,2.259,2.68,3.043,3.331,3.554,3.727,3.862,3.97,4.057,4.455,
35064,1.8125,1.8125,1.8125,1.8125,1.783,2.278,2.75,3.123,3.405,3.619,3.782,3.909,4.01,4.09,4.43,
35095,1.76563,1.76563,1.79688,1.84375,1.798,2.242,2.69,3.092,3.433,3.717,3.951,4.144,4.304,4.437,5.078,
35124,1.57813,1.625,1.6875,1.9375,1.883,2.378,2.779,3.114,3.399,3.645,3.859,4.047,4.212,4.358,5.184,
35155,1.76563,1.79688,1.80469,1.9375,1.829,2.223,2.633,3.011,3.344,3.631,3.875,4.082,4.257,4.406,5.144,
35185,1.875,1.875,1.875,2,1.867,2.17,2.534,2.896,3.228,3.52,3.773,3.989,4.172,4.329,5.109,
35216,2.70313,2.625,2.625,2.75,2.649,2.91,3.21,3.499,3.762,3.997,4.204,4.386,4.544,4.682,5.418,
35246,2.5,2.5625,2.625,2.8125,2.594,2.761,3.13,3.501,3.813,4.061,4.254,4.407,4.528,4.627,5.076,
35277,2.5,2.5625,2.625,2.76563,2.517,2.73,3.067,3.401,3.695,3.941,4.144,4.311,4.448,4.561,5.094,
35308,2.11719,2.17188,2.25,2.375,2.206,2.503,2.871,3.22,3.527,3.788,4.006,4.188,4.34,4.467,5.08,
35338,1.39063,1.5,1.57813,1.76563,1.772,2.201,2.581,2.928,3.237,3.508,3.741,3.94,4.111,4.256,4.988,
35369,1.67969,1.8125,1.8125,1.96484,1.748,1.997,2.368,2.743,3.084,3.379,3.63,3.841,4.017,4.166,4.885,
35399,2.125,2.0625,2.0625,2.1875,2.067,2.249,2.565,2.901,3.211,3.479,3.707,3.897,4.057,4.191,4.835,
35430,1.8125,1.875,1.88281,1.9375,1.723,2.049,2.402,2.743,3.056,3.334,3.577,3.787,3.969,4.125,4.919,
35461,1.71094,1.73438,1.75,1.875,1.687,1.98,2.305,2.625,2.922,3.189,3.424,3.628,3.805,3.959,4.75,
35489,1.75,1.75,1.75,1.78125,1.571,1.726,1.968,2.237,2.501,2.749,2.974,3.176,3.356,3.517,4.441,
35520,1.875,1.875,1.875,1.93359,1.72,1.953,2.238,2.531,2.811,3.068,3.299,3.506,3.69,3.853,4.793,
35550,1.73438,1.8125,1.86328,1.94141,1.772,1.862,2.105,2.397,2.688,2.96,3.203,3.418,3.606,3.769,4.616,
35581,0.98828,1.125,1.27734,1.40625,1.287,1.594,1.937,2.257,2.547,2.806,3.036,3.241,3.423,3.586,4.528,
35611,1.375,1.4375,1.5,1.61328,1.406,1.653,1.93,2.213,2.484,2.736,2.966,3.173,3.358,3.522,4.435,
35642,1.51563,1.5625,1.66016,1.75,1.552,1.743,2.019,2.307,2.582,2.834,3.06,3.259,3.433,3.585,4.389,
35673,1.25391,1.375,1.625,1.8125,1.608,1.868,2.174,2.469,2.74,2.981,3.195,3.383,3.548,3.692,4.469,
35703,1.38672,1.59375,1.66797,1.90625,1.718,2.002,2.298,2.574,2.822,3.044,3.24,3.414,3.568,3.704,4.47,
35734,1.75,1.96094,2.03125,2.25,2.006,2.24,2.491,2.73,2.948,3.142,3.315,3.467,3.601,3.719,4.366,
35764,1.875,1.92969,1.94531,2.09375,1.953,2.13,2.386,2.643,2.879,3.089,3.273,3.433,3.572,3.692,4.319,
35795,1.25,1.5,1.625,1.82422,1.658,1.883,2.136,2.384,2.614,2.821,3.006,3.171,3.316,3.445,4.167,4.445
35826,1.0625,1.1875,1.34766,1.52734,1.407,1.583,1.809,2.039,2.256,2.455,2.636,2.801,2.949,3.084,3.917,4.284
35854,0.875,1,1.09375,1.28125,1.128,1.369,1.619,1.86,2.084,2.291,2.481,2.656,2.816,2.964,3.936,4.408
35885,1.4375,1.48438,1.57813,1.75,1.568,1.758,1.946,2.131,2.313,2.488,2.657,2.817,2.968,3.109,4.065,4.51
35915,1.47656,1.53125,1.65625,1.85547,1.715,1.981,2.205,2.403,2.585,2.756,2.916,3.068,3.211,3.344,4.255,4.677
35946,1.6875,1.6875,1.75,1.87891,1.72,1.921,2.111,2.291,2.461,2.622,2.773,2.916,3.051,3.179,4.137,4.712
35976,2.16406,2.15625,2.1875,2.24609,2.117,2.216,2.333,2.466,2.608,2.754,2.899,3.041,3.178,3.308,4.228,4.674
36007,1.84375,1.94141,2.03125,2.15625,1.982,2.067,2.198,2.347,2.499,2.649,2.794,2.932,3.064,3.19,4.12,4.641
36038,1.57031,1.61328,1.69531,1.81641,1.59,1.756,1.924,2.089,2.25,2.407,2.559,2.706,2.849,2.988,4.156,4.703
36068,1.375,1.57422,1.625,1.6875,1.722,1.74,1.785,1.922,2.115,2.329,2.542,2.742,2.924,3.086,3.964,4.281
36099,1,1.25625,1.30844,1.41656,1.398,1.484,1.573,1.731,1.934,2.152,2.368,2.569,2.751,2.914,3.796,4.115
36129,1.81281,1.75,1.75,1.79875,1.684,1.747,1.788,1.847,1.935,2.05,2.186,2.338,2.497,2.659,3.974,4.651
36160,1.25,1.40828,1.56781,1.70719,1.753,1.728,1.719,1.805,1.946,2.11,2.276,2.434,2.58,2.71,3.425,4.783
36191,1.19458,1.27167,1.37083,1.50833,1.381,1.568,1.656,1.735,1.831,1.951,2.089,2.24,2.397,2.555,3.776,4.373
36219,1.24333,1.26167,1.30667,1.445,1.293,1.491,1.632,1.744,1.854,1.974,2.107,2.25,2.399,2.55,3.784,4.426
36250,1.19125,1.24833,1.28354,1.43833,1.375,1.554,1.664,1.764,1.875,2.002,2.143,2.294,2.449,2.604,3.815,4.416
36280,0.96167,0.99333,1.03667,1.19,1.171,1.376,1.537,1.68,1.819,1.959,2.101,2.245,2.39,2.534,3.705,4.346
36311,1,1.02333,1.06208,1.25,1.17,1.41,1.616,1.803,1.976,2.139,2.294,2.443,2.585,2.72,3.775,4.414
36341,1.17833,1.22167,1.48667,1.605,1.588,1.929,2.138,2.282,2.398,2.503,2.608,2.714,2.824,2.937,3.97,4.624
36372,1.02167,1.12333,1.52333,1.68333,1.676,2.092,2.299,2.426,2.528,2.626,2.726,2.83,2.936,3.044,4.009,4.677
36403,0.96333,1.09667,1.60167,1.78167,1.72,2.204,2.456,2.603,2.708,2.799,2.888,2.979,3.073,3.169,4.016,4.529
36433,1.19167,1.915,1.86333,2.06167,2.11,2.527,2.724,2.845,2.944,3.039,3.135,3.233,3.33,3.427,4.199,4.647
36464,1.17333,2.045,2.1,2.43333,2.536,2.991,3.104,3.148,3.196,3.263,3.345,3.436,3.53,3.625,4.379,4.792
36494,2.04333,1.86167,1.87333,2.24667,2.435,2.834,2.933,2.996,3.083,3.196,3.322,3.451,3.575,3.69,4.362,4.614
36525,1.58833,1.84667,1.945,2.20667,2.17,2.539,2.715,2.851,2.986,3.123,3.257,3.386,3.506,3.617,4.276,4.535
36556,2.06833,2.13167,2.26167,2.67333,2.538,2.829,3.027,3.177,3.302,3.414,3.516,3.611,3.7,3.784,4.368,4.657
36585,2.2,2.44167,2.68833,3.08333,2.984,3.25,3.324,3.38,3.45,3.532,3.619,3.706,3.79,3.868,4.369,4.581
36616,2.575,2.855,3.1,3.44,3.459,3.637,3.646,3.67,3.729,3.812,3.903,3.994,4.078,4.155,4.572,4.722
36646,3.1,3.24333,3.42667,3.72667,3.612,3.765,3.799,3.82,3.849,3.887,3.931,3.979,4.028,4.076,4.465,4.692
36677,2.78333,3.16,3.46667,3.86,3.721,3.879,3.888,3.899,3.931,3.977,4.029,4.084,4.138,4.19,4.539,4.694
36707,3.23667,3.39667,3.64333,3.84167,3.738,3.8,3.783,3.781,3.799,3.832,3.872,3.916,3.962,4.008,4.395,4.642
36738,3.21,3.44,3.76,3.97333,3.901,3.943,3.883,3.847,3.841,3.854,3.879,3.909,3.942,3.976,4.261,4.43
36769,3.265,3.48667,3.74,3.9,3.843,3.804,3.721,3.685,3.684,3.702,3.731,3.765,3.802,3.84,4.177,4.401
36799,3.28167,3.585,3.62,3.73667,3.633,3.615,3.619,3.654,3.702,3.754,3.807,3.858,3.907,3.954,4.284,4.449
36830,3.21667,3.49167,3.58,3.68167,3.598,3.578,3.585,3.623,3.672,3.726,3.779,3.831,3.88,3.927,4.265,4.446
36860,3.45,3.47833,3.53667,3.61333,3.607,3.614,3.576,3.568,3.583,3.613,3.649,3.689,3.73,3.771,4.115,4.325
36891,3.36667,3.37,3.37,3.36833,3.277,3.232,3.22,3.236,3.271,3.319,3.374,3.433,3.493,3.552,3.983,4.188
36922,3.45833,3.42,3.34667,3.29667,3.225,3.162,3.145,3.158,3.193,3.242,3.3,3.364,3.43,3.497,4.02,4.28
36950,3.43,3.42833,3.365,3.3,3.253,3.156,3.122,3.132,3.169,3.222,3.285,3.354,3.423,3.492,4.013,4.267
36981,3.365,3.325,3.18833,3.08333,3.038,2.996,2.996,3.013,3.044,3.087,3.139,3.198,3.261,3.327,3.925,4.294
37011,3.17667,3.175,3.185,3.18833,3.143,3.163,3.181,3.205,3.239,3.284,3.337,3.397,3.461,3.529,4.141,4.496
37042,3.28,3.205,3.19667,3.205,3.167,3.175,3.191,3.221,3.262,3.311,3.368,3.428,3.491,3.556,4.14,4.519
37072,3.28333,3.23667,3.18667,3.12667,3.128,3.103,3.093,3.102,3.127,3.164,3.211,3.264,3.322,3.383,3.972,4.369
37103,3.25333,3.19,3.12667,3.04333,3.098,3.045,3.027,3.037,3.067,3.111,3.165,3.225,3.29,3.357,3.954,4.314
37134,3.33833,3.15667,3,2.88,2.807,2.814,2.879,2.943,3.003,3.064,3.126,3.189,3.253,3.317,3.87,4.211
37164,2.24667,2.28333,2.28,2.31333,2.261,2.426,2.571,2.703,2.824,2.935,3.038,3.133,3.221,3.302,3.86,4.151
37195,2.14167,2.09,1.94667,1.895,1.856,2.058,2.251,2.406,2.535,2.648,2.749,2.841,2.926,3.005,3.577,3.915
37225,2.10333,2.00333,1.98667,2.095,2.147,2.376,2.536,2.672,2.792,2.902,3.002,3.095,3.181,3.261,3.816,4.113
37256,1.79,1.83833,1.84833,1.99667,2.107,2.454,2.72,2.927,3.089,3.219,3.326,3.414,3.49,3.555,3.977,4.223
37287,1.61333,1.69667,1.78167,2.10167,2.117,2.575,2.878,3.082,3.225,3.329,3.41,3.477,3.536,3.59,4.024,4.3
37315,1.705,1.73833,1.82667,2.125,2.128,2.476,2.748,2.961,3.13,3.265,3.376,3.467,3.544,3.61,4.016,4.261
37346,1.51,1.635,1.74667,2.18667,2.112,2.592,2.892,3.088,3.227,3.334,3.422,3.499,3.57,3.636,4.093,4.307
37376,1.52,1.57,1.69167,2.06,2.011,2.381,2.658,2.87,3.035,3.168,3.278,3.372,3.454,3.528,4.04,4.336
37407,1.17333,1.23167,1.40333,1.83,1.73,2.192,2.509,2.739,2.915,3.057,3.178,3.284,3.379,3.465,4.028,4.283
37437,1.16167,1.24333,1.35333,1.72833,1.659,2.072,2.355,2.562,2.727,2.865,2.988,3.1,3.203,3.299,3.96,4.271
37468,0.76667,0.82167,0.915,1.14833,1.078,1.56,1.939,2.244,2.494,2.701,2.874,3.019,3.143,3.248,3.786,3.979
37499,0.68167,0.75167,0.805,0.98833,0.934,1.384,1.776,2.1,2.368,2.591,2.779,2.938,3.075,3.192,3.806,4.032
37529,0.71667,0.74833,0.755,0.84667,0.979,1.275,1.539,1.776,1.989,2.179,2.349,2.501,2.638,2.761,3.498,3.878
37560,0.675,0.74333,0.76667,0.84667,0.71,1.072,1.424,1.731,1.994,2.22,2.415,2.584,2.733,2.863,3.6,3.894
37590,0.73833,0.745,0.76667,0.94167,0.923,1.224,1.497,1.743,1.966,2.167,2.349,2.515,2.664,2.799,3.625,3.952
37621,0.60667,0.61667,0.63833,0.685,0.559,0.786,1.062,1.318,1.547,1.751,1.935,2.102,2.255,2.396,3.356,3.856
37652,0.59167,0.60333,0.615,0.715,0.601,0.827,1.075,1.315,1.538,1.742,1.929,2.099,2.254,2.396,3.323,3.745
37680,0.58167,0.57167,0.56833,0.58,0.478,0.673,0.931,1.194,1.442,1.669,1.873,2.058,2.224,2.375,3.333,3.787
37711,0.295,0.31333,0.35667,0.50333,0.445,0.781,1.078,1.346,1.59,1.813,2.018,2.206,2.378,2.537,3.566,4.024
37741,0.26667,0.30833,0.36333,0.52667,0.44,0.823,1.171,1.474,1.738,1.97,2.175,2.355,2.516,2.659,3.499,3.85
37772,0.24333,0.28167,0.31833,0.40167,0.299,0.598,0.898,1.175,1.425,1.65,1.853,2.038,2.206,2.358,3.342,3.806
37802,0.26333,0.28833,0.33,0.43667,0.341,0.664,1.003,1.321,1.609,1.863,2.087,2.283,2.455,2.607,3.446,3.767
37833,0.23833,0.28667,0.345,0.46667,0.357,0.721,1.088,1.422,1.715,1.966,2.182,2.367,2.527,2.666,3.453,3.786
37864,0.24333,0.26667,0.32333,0.49333,0.388,0.862,1.3,1.665,1.963,2.208,2.413,2.589,2.741,2.875,3.627,3.924
37894,0.2,0.25417,0.29833,0.43333,0.315,0.729,1.145,1.508,1.813,2.068,2.284,2.471,2.633,2.777,3.624,3.98
37925,0.20167,0.24917,0.30917,0.53667,0.462,0.948,1.381,1.734,2.017,2.249,2.444,2.61,2.755,2.882,3.633,3.945
37955,0.245,0.26667,0.365,0.64583,0.55,1.081,1.535,1.895,2.179,2.406,2.592,2.748,2.88,2.993,3.596,3.821
37986,0.22,0.26,0.35,0.58,0.484,0.938,1.367,1.722,2.003,2.226,2.405,2.552,2.674,2.78,3.406,3.712
38017,0.2,0.24667,0.32,0.53,0.462,0.852,1.229,1.573,1.877,2.14,2.364,2.555,2.716,2.852,3.505,3.763
38046,0.22833,0.25833,0.29833,0.45667,0.377,0.71,1.05,1.374,1.67,1.933,2.162,2.361,2.533,2.681,3.439,3.707
38077,0.21667,0.25,0.3,0.45833,0.39,0.74,1.087,1.405,1.688,1.934,2.148,2.332,2.493,2.632,3.383,3.666
38107,0.21833,0.27167,0.415,0.73,0.68,1.132,1.499,1.799,2.046,2.253,2.426,2.574,2.7,2.809,3.412,3.664
38138,0.2,0.26,0.42833,0.785,0.734,1.226,1.612,1.918,2.164,2.365,2.53,2.669,2.787,2.888,3.465,3.726
38168,0.4,0.49833,0.75167,1.115,1.028,1.506,1.863,2.139,2.361,2.543,2.697,2.828,2.941,3.04,3.578,3.782
38199,0.40333,0.53,0.76,1.04167,0.96,1.415,1.749,2.018,2.242,2.433,2.595,2.734,2.854,2.957,3.5,3.699
38230,0.42,0.62,0.73,0.925,0.847,1.182,1.497,1.777,2.019,2.229,2.411,2.568,2.705,2.825,3.479,3.728
38260,0.595,0.7,0.80833,1.02,0.964,1.314,1.606,1.852,2.06,2.239,2.393,2.527,2.646,2.75,3.379,3.666
38291,0.645,0.72667,0.8,0.92833,0.888,1.141,1.395,1.638,1.86,2.057,2.23,2.381,2.51,2.623,3.203,3.41
38321,0.68,0.74,0.87,1.05,1.013,1.245,1.421,1.596,1.771,1.937,2.088,2.223,2.341,2.443,2.97,3.155
38352,0.66,0.71667,0.8,0.99,0.885,1.137,1.364,1.568,1.749,1.909,2.05,2.175,2.285,2.382,2.923,3.13
38383,0.71,0.75,0.82,0.96,0.887,1.079,1.264,1.446,1.618,1.776,1.918,2.043,2.153,2.249,2.757,2.941
38411,0.71833,0.75833,0.835,1.00667,0.899,1.124,1.34,1.546,1.736,1.905,2.052,2.179,2.288,2.381,2.846,3.007
38442,0.75,0.775,0.80833,0.95,0.872,1.14,1.331,1.51,1.687,1.853,2.004,2.137,2.254,2.355,2.871,3.051
38472,0.73833,0.76,0.79,0.85,0.769,0.952,1.135,1.309,1.471,1.618,1.752,1.872,1.979,2.074,2.615,2.823
38503,0.73,0.75,0.78,0.85,0.772,0.948,1.117,1.279,1.431,1.571,1.699,1.815,1.92,2.014,2.56,2.777
38533,0.72667,0.74833,0.76,0.78,0.688,0.87,1.064,1.246,1.411,1.558,1.688,1.804,1.907,1.999,2.55,2.787
38564,0.73,0.755,0.78,0.84167,0.772,0.948,1.129,1.3,1.454,1.589,1.704,1.802,1.885,1.955,2.355,2.709
38595,0.73,0.76,0.8,0.915,0.818,0.997,1.157,1.302,1.432,1.551,1.659,1.757,1.847,1.928,2.456,2.705
38625,0.74,0.79,0.86,1.02833,0.897,1.12,1.305,1.458,1.584,1.688,1.774,1.844,1.902,1.95,2.211,2.519
38656,0.75,0.85,0.99,1.24167,1.074,1.399,1.624,1.779,1.886,1.96,2.011,2.048,2.075,2.097,2.293,2.552
38686,0.91167,1.01,1.2,1.46,1.361,1.657,1.791,1.869,1.929,1.983,2.036,2.088,2.137,2.184,2.501,2.648
38717,0.89167,1.01,1.17833,1.40833,1.248,1.548,1.693,1.765,1.807,1.837,1.865,1.895,1.926,1.96,2.314,2.579
38748,0.89,1.02417,1.195,1.42667,1.294,1.602,1.78,1.887,1.956,2.007,2.048,2.085,2.119,2.153,2.447,2.637
38776,1.03,1.17583,1.34,1.58333,1.476,1.689,1.809,1.902,1.981,2.051,2.112,2.165,2.211,2.252,2.466,2.545
38807,1.14083,1.24917,1.4,1.68667,1.565,1.792,1.959,2.098,2.213,2.305,2.377,2.434,2.48,2.517,2.687,2.743
38837,1.26,1.34,1.5125,1.80333,1.668,1.936,2.14,2.302,2.429,2.527,2.604,2.665,2.713,2.752,2.929,2.988
38868,1.31,1.42333,1.583,1.84,1.754,1.986,2.131,2.252,2.359,2.452,2.532,2.599,2.654,2.7,2.918,2.991
38898,1.42167,1.52,1.69,1.98,1.896,2.156,2.32,2.449,2.554,2.64,2.71,2.766,2.811,2.848,3.019,3.076
38929,1.42,1.55,1.73,1.97083,1.877,2.112,2.26,2.378,2.475,2.553,2.616,2.667,2.708,2.742,2.896,2.948
38960,1.55,1.68,1.82083,2.02167,1.934,2.093,2.186,2.268,2.34,2.401,2.45,2.489,2.521,2.547,2.666,2.705
38990,1.72083,1.81083,1.91083,2.08,1.947,2.12,2.207,2.252,2.277,2.296,2.313,2.33,2.349,2.369,2.551,2.649
39021,1.73,1.86,1.97,2.14,2.043,2.178,2.243,2.294,2.339,2.38,2.415,2.445,2.472,2.495,2.611,2.652
39051,1.88,1.95,2.06,2.21,2.095,2.179,2.216,2.238,2.257,2.274,2.292,2.309,2.325,2.341,2.446,2.494
39082,2.04583,2.1025,2.2,2.39,2.278,2.405,2.449,2.463,2.469,2.472,2.475,2.479,2.484,2.489,2.525,2.541
39113,2.08083,2.19,2.30667,2.51,2.379,2.467,2.502,2.528,2.551,2.57,2.586,2.599,2.61,2.619,2.659,2.673
39141,2.12,2.22,2.32,2.46,2.338,2.373,2.38,2.402,2.434,2.466,2.495,2.519,2.539,2.556,2.633,2.659
39172,2.21833,2.295,2.39583,2.54,2.412,2.411,2.419,2.461,2.515,2.567,2.611,2.648,2.678,2.702,2.815,2.853
39202,2.20667,2.35,2.47,2.64,2.475,2.498,2.539,2.597,2.652,2.697,2.733,2.761,2.783,2.801,2.882,2.909
39233,2.35417,2.47,2.6275,2.87667,2.71,2.782,2.831,2.88,2.923,2.957,2.983,3.003,3.019,3.032,3.089,3.108
39263,2.615,2.7,2.83,3.05,2.863,2.905,2.921,2.952,2.996,3.043,3.088,3.129,3.164,3.194,3.341,3.392
39294,2.56167,2.7075,2.82167,3.0275,2.841,2.859,2.874,2.907,2.948,2.988,3.025,3.057,3.085,3.108,3.223,3.263
39325,2.7375,2.89667,2.95,3.0025,2.753,2.495,2.503,2.615,2.733,2.831,2.907,2.966,3.012,3.049,3.218,3.274
39355,2.53167,2.785,2.87333,2.99583,2.697,2.413,2.418,2.537,2.668,2.782,2.875,2.948,3.008,3.056,3.276,3.349
39386,2.28333,2.75333,2.87833,2.97917,2.71,2.536,2.531,2.589,2.665,2.743,2.816,2.881,2.938,2.987,3.242,3.332
39416,2.665,2.745,2.80333,2.9,2.594,2.249,2.269,2.401,2.537,2.649,2.737,2.807,2.862,2.906,3.107,3.174
39447,2.42833,2.75667,2.865,2.97667,2.72,2.43,2.495,2.646,2.781,2.886,2.965,3.026,3.073,3.111,3.282,3.339
39478,2.45833,2.65333,2.69333,2.72833,2.386,2.106,2.138,2.273,2.425,2.565,2.685,2.786,2.87,2.939,3.266,3.376
39507,2.61,2.79667,2.81333,2.86667,2.484,2.13,2.2,2.396,2.583,2.732,2.846,2.934,3.003,3.059,3.31,3.394
39538,2.71833,2.885,2.93833,3.05833,2.455,2,2.1,2.321,2.523,2.683,2.805,2.899,2.973,3.033,3.303,3.393
39568,2.40583,2.80833,2.91667,3.105,2.5,2.107,2.32,2.588,2.793,2.94,3.047,3.128,3.192,3.242,3.47,3.546
39599,2.36,2.7775,2.88917,3.1225,2.462,2.298,2.55,2.783,2.945,3.057,3.138,3.198,3.246,3.284,3.454,3.511
39629,2.35667,2.79,2.96667,3.26,2.538,2.502,2.752,2.935,3.052,3.131,3.188,3.231,3.264,3.29,3.41,3.45
39660,2.2725,2.75583,2.90583,3.2,2.45,2.312,2.513,2.714,2.858,2.96,3.033,3.089,3.132,3.166,3.321,3.373
39691,2.255,2.745,2.885,3.17333,2.717,2.408,2.324,2.4,2.522,2.64,2.74,2.822,2.888,2.942,3.188,3.271
39721,2.8,2.955,3.03833,3.275,2.472,1.607,1.463,1.659,1.916,2.142,2.323,2.466,2.578,2.669,3.08,3.217
39752,1.855,2.71833,2.85833,3.08667,2.002,1.522,1.565,1.778,2.013,2.223,2.4,2.546,2.665,2.764,3.222,3.376
39782,0.88,1.255,1.44,1.67,0.899,1.285,1.499,1.65,1.776,1.889,1.989,2.079,2.157,2.226,2.578,2.701
39813,0.34,0.66167,0.81,1.095,0.407,0.691,1.012,1.303,1.541,1.727,1.872,1.985,2.075,2.148,2.479,2.589
39844,0.31833,0.52667,0.66,0.96333,0.293,0.449,0.756,1.096,1.398,1.645,1.841,1.997,2.121,2.221,2.679,2.832
39872,0.30167,0.495,0.64333,0.94667,0.407,0.52,0.795,1.116,1.404,1.637,1.821,1.966,2.081,2.174,2.595,2.736
39903,0.23167,0.40333,0.53667,0.84833,0.325,0.523,0.818,1.129,1.406,1.635,1.817,1.963,2.08,2.175,2.61,2.756
39933,0.21,0.40333,0.53833,0.845,0.294,0.45,0.76,1.101,1.4,1.641,1.832,1.981,2.1,2.196,2.633,2.779
39964,0.20167,0.39833,0.535,0.84333,0.248,0.467,0.839,1.235,1.585,1.871,2.097,2.277,2.42,2.536,3.065,3.242
39994,0.195,0.395,0.51,0.80833,0.255,0.509,0.858,1.221,1.547,1.819,2.039,2.217,2.36,2.478,3.016,3.196
40025,0.16,0.36,0.4725,0.77083,0.248,0.453,0.726,1.023,1.304,1.55,1.758,1.931,2.073,2.192,2.745,2.932
40056,0.12,0.31667,0.42667,0.72833,0.288,0.466,0.698,0.962,1.225,1.465,1.673,1.85,1.999,2.124,2.72,2.923
40086,0.10083,0.28833,0.395,0.69833,0.313,0.567,0.828,1.084,1.325,1.541,1.731,1.895,2.035,2.155,2.749,2.954
40117,0.09333,0.26183,0.38167,0.68833,0.332,0.616,0.89,1.146,1.38,1.591,1.777,1.941,2.084,2.207,2.766,2.855
40147,0.11,0.25,0.345,0.64833,0.269,0.47,0.713,0.97,1.213,1.429,1.612,1.767,1.895,2.002,2.508,2.679
40178,0.10667,0.25167,0.33833,0.63833,0.281,0.468,0.72,0.991,1.239,1.45,1.623,1.764,1.878,1.972,2.404,2.549
40209,0.1,0.25,0.33,0.62833,0.253,0.492,0.742,0.986,1.214,1.421,1.603,1.762,1.897,2.01,2.401,2.333
40237,0.09167,0.25,0.31667,0.61833,0.179,0.376,0.604,0.842,1.073,1.289,1.484,1.656,1.805,1.931,2.345,2.207
40268,0.08583,0.24667,0.33417,0.63833,0.25,0.472,0.701,0.925,1.138,1.336,1.516,1.676,1.818,1.941,2.44,2.37
40298,0.08417,0.24583,0.32917,0.63,0.259,0.478,0.697,0.908,1.108,1.292,1.46,1.612,1.746,1.865,2.392,2.381
40329,0.03667,0.10833,0.205,0.51333,0.177,0.35,0.53,0.708,0.88,1.043,1.195,1.334,1.46,1.573,2.12,2.125
40359,0.06417,0.11167,0.21,0.49167,0.177,0.347,0.525,0.702,0.87,1.027,1.169,1.297,1.41,1.509,1.951,1.983
40390,0.13167,0.17167,0.23167,0.50167,0.337,0.407,0.522,0.685,0.863,1.031,1.18,1.306,1.411,1.5,1.917,2.057
40421,0.12667,0.165,0.23167,0.50333,0.448,0.416,0.432,0.526,0.656,0.792,0.916,1.024,1.116,1.192,1.555,1.677
40451,0.1425,0.17833,0.24167,0.515,0.507,0.462,0.51,0.646,0.809,0.964,1.097,1.207,1.298,1.372,1.716,1.832
40482,0.13167,0.16833,0.24,0.51667,0.499,0.514,0.61,0.769,0.937,1.086,1.21,1.31,1.392,1.458,1.762,1.863
40512,0.14333,0.17167,0.24333,0.52667,0.477,0.463,0.575,0.762,0.957,1.129,1.272,1.387,1.481,1.558,1.91,2.028
40543,0.1425,0.17,0.23833,0.51667,0.44,0.448,0.632,0.872,1.09,1.267,1.407,1.516,1.603,1.674,1.993,2.099
40574,0.13833,0.17,0.24,0.52,0.428,0.605,0.811,1.029,1.229,1.399,1.538,1.651,1.743,1.818,2.162,2.278
40602,0.13667,0.17,0.24333,0.525,0.365,0.621,0.855,1.065,1.254,1.42,1.567,1.694,1.803,1.897,2.244,2.137
40633,0.13833,0.18,0.25667,0.55667,0.415,0.702,0.95,1.163,1.346,1.502,1.636,1.751,1.848,1.931,2.262,2.214
40663,0.14,0.185,0.26,0.55667,0.479,0.758,1.003,1.223,1.419,1.591,1.742,1.873,1.986,2.083,2.472,2.375
40694,0.12667,0.17583,0.24667,0.54167,0.339,0.588,0.816,1.021,1.205,1.369,1.515,1.642,1.753,1.849,2.256,2.213
40724,0.12833,0.175,0.23833,0.53667,0.352,0.347,0.505,0.749,0.995,1.21,1.387,1.529,1.645,1.739,2.169,2.314
40755,0.12583,0.175,0.24167,0.52867,0.318,0.218,0.311,0.514,0.736,0.935,1.101,1.236,1.346,1.436,1.847,1.985
40786,0,0.005,0.04667,0.285,0.045,0.155,0.288,0.431,0.572,0.706,0.831,0.944,1.045,1.133,1.55,1.6
40816,0.00667,0.02333,0.06833,0.2995,0.139,0.055,0.095,0.228,0.393,0.554,0.697,0.818,0.919,1.003,1.396,1.529
40847,0.02333,0.04333,0.08917,0.30783,0.127,0.016,0.071,0.233,0.423,0.603,0.758,0.888,0.994,1.082,1.492,1.63
40877,0.03167,0.05167,0.09917,0.325,0.149,0.003,0.02,0.154,0.326,0.493,0.638,0.76,0.861,0.945,1.331,1.46
40908,0.03167,0.05167,0.09417,0.325,0.155,0.013,-0.011,0.071,0.199,0.335,0.461,0.57,0.662,0.74,1.109,1.234
40939,0.04583,0.07,0.12083,0.34117,0.191,0.102,0.084,0.146,0.249,0.363,0.474,0.573,0.66,0.735,1.103,1.229
40968,0.06083,0.08667,0.14333,0.36283,0.189,0.056,0.022,0.083,0.192,0.314,0.433,0.542,0.637,0.72,1.14,1.285
40999,0.07667,0.11,0.18167,0.392,0.225,0.094,0.084,0.177,0.313,0.453,0.579,0.687,0.778,0.854,1.211,1.331
41029,0.075,0.11167,0.185,0.39283,0.205,0.039,0.008,0.087,0.211,0.341,0.462,0.568,0.658,0.735,1.104,1.229
41060,0.04417,0.0975,0.17833,0.38617,0.122,-0.164,-0.198,-0.087,0.067,0.215,0.344,0.45,0.538,0.61,0.945,1.057
41090,0.038,0.087,0.178,0.382,0.012,-0.344,-0.312,-0.131,0.069,0.245,0.39,0.507,0.601,0.678,1.029,1.147
41121,0.02,0.06,0.164,0.3714,0.038,-0.315,-0.348,-0.217,-0.043,0.123,0.266,0.384,0.481,0.561,0.932,1.056
41152,0.01,0.046,0.158,0.3594,0.025,-0.327,-0.361,-0.228,-0.05,0.119,0.266,0.387,0.487,0.569,0.952,1.08
41182,0.009,0.044,0.157,0.3504,0.124,-0.095,-0.153,-0.082,0.043,0.18,0.308,0.421,0.518,0.599,0.995,1.129
41213,0.006,0.032,0.127,0.326,0.146,-0.063,-0.136,-0.082,0.034,0.168,0.296,0.412,0.512,0.597,1.015,1.158
41243,0.005,0.03,0.112,0.3084,0.117,-0.1,-0.174,-0.125,-0.016,0.111,0.235,0.347,0.445,0.53,0.954,1.1
41274,-0.008,0.012,0.069,0.2564,0.059,-0.116,-0.155,-0.092,0.017,0.14,0.261,0.372,0.47,0.557,1.004,1.162
41305,0.003,0.022,0.0944,0.2744,0.14,0.093,0.104,0.176,0.282,0.397,0.51,0.614,0.707,0.789,1.221,1.374
41333,-0.001,0.022,0.0904,0.2684,0.137,0.029,-0.003,0.056,0.167,0.295,0.42,0.535,0.635,0.721,1.149,1.296
41364,-0.001,0.022,0.0844,0.256,0.119,-0.012,-0.048,0.021,0.145,0.286,0.423,0.547,0.655,0.747,1.203,1.359
41394,-0.001,0.02,0.0814,0.2494,0.079,-0.079,-0.124,-0.065,0.048,0.178,0.305,0.421,0.523,0.612,1.06,1.215
41425,-0.001,0.016,0.0804,0.2455,0.078298175,-0.060080202,-0.06406628,0.034924939,0.175936417,0.322033817,0.456587979,0.574205208,0.674691124,0.759867482,1.171262266,1.311359505
41455,-0.003,0.019,0.0804,0.2464,0.072657341,-0.006228365,0.061823012,0.22164401,0.406609913,0.581862192,0.734795917,0.863665253,0.970950222,1.060240628,1.479682885,1.621187538
41486,-0.003,0.018,0.078,0.2434,0.076493041,-0.01279698,0.046111358,0.207024624,0.400210819,0.586171768,0.749490725,0.88731675,1.001959433,1.097208836,1.542587575,1.692575083
41517,-0.003,0.018,0.0764,0.2404,0.096035385,-0.007927346,0.049902649,0.217960345,0.419974236,0.613730461,0.783240359,0.925842896,1.044188662,1.142363781,1.600570445,1.754816857
41547,-0.003,0.022,0.0794,0.2364,0.096197633,-0.023580146,0.012398034,0.165516283,0.361804534,0.556636428,0.731019379,0.880084061,1.005180677,1.109748656,1.602822536,1.769311366
41578,-0.005,0.019,0.076,0.221,0.100852801,-0.000333389,0.020635894,0.150005585,0.328111397,0.513098718,0.684168621,0.833921602,0.961749389,1.069866648,1.588071832,1.763899524
41608,-0.007,0.015,0.0694,0.2024,0.063789181,-0.075608881,-0.060744677,0.077122314,0.266127727,0.459977148,0.6372151,0.790999391,0.921426836,1.031254803,1.554574104,1.731858314
41639,-0.005,0.023,0.0794,0.2114,0.045199427,-0.071279511,-0.00212906,0.189374906,0.419275454,0.640845745,0.835865184,1.000859668,1.138430966,1.252962935,1.790494514,1.971817586
41670,-0.006,0.018,0.0804,0.1904,0.043562793,-0.109124332,-0.109658618,0.014710289,0.195566731,0.387286147,0.567260853,0.726948144,0.864927184,0.982864957,1.560503172,1.75837361
41698,-0.007,0.022,0.077,0.2024,0.049470243,-0.074286984,-0.072943901,0.039509108,0.205726058,0.384485017,0.55411954,0.705802609,0.837571255,0.950609762,1.506991859,1.697847399
41729,-0.007,0.022,0.0744,0.1944,0.085116086,-0.030941389,-0.035247503,0.068624238,0.227481698,0.400736881,0.566285354,0.714787007,0.843933577,0.954718838,1.498640069,1.684873205
41759,-0.007,0.017,0.0764,0.2014,0.103889261,0.00468943,-0.021311038,0.047170919,0.174385161,0.325532069,0.478165021,0.620598729,0.74811053,0.859839246,1.428028367,1.625151099
41790,-0.008,0.012,0.0644,0.1804,0.069728023,-0.027199368,-0.055614752,0.001683492,0.114194074,0.251926648,0.39482124,0.531662387,0.657177004,0.769598651,1.373851852,1.59032792
41820,-0.002,0.008,0.0714,0.1894,0.091872957,0.031597746,0.00079944,0.033613264,0.117103854,0.230270304,0.355813882,0.482187221,0.602675426,0.713933987,1.35240184,1.589500164
41851,0.001,0.018,0.0764,0.2014,0.109106327,0.032851809,-0.012810529,0.008751593,0.082342844,0.185047774,0.298803966,0.412126549,0.518751337,0.615872012,1.150204761,1.342792288
41882,0.002,0.018,0.0684,0.1744,0.078106124,0.000643334,-0.02948922,0.00194905,0.073489549,0.164676725,0.261903944,0.357318385,0.446878785,0.528842167,0.997866944,1.17359336
41912,0,0.006,0.0594,0.1664,0.056463493,-0.009012328,-0.038704567,-0.007809932,0.068628143,0.170211316,0.281029081,0.390927214,0.494316225,0.58865734,1.112790199,1.303162462
41943,0.002,0.015,0.0614,0.1644,0.036141481,-0.041741172,-0.053049233,-0.002913008,0.081997695,0.181653672,0.284023797,0.38258864,0.474181939,0.557574548,1.033903736,1.213100088
41973,-0.003,0.001,0.0504,0.1504,-0.021857258,-0.133543725,-0.145053884,-0.095448713,-0.01640458,0.074165551,0.166442422,0.255201914,0.337874624,0.413426567,0.851981503,1.019427941
42004,-0.038,-0.063,-0.0256,0.0344,-0.094250401,-0.259155645,-0.280337599,-0.205179493,-0.092082872,0.025725757,0.133842259,0.227824387,0.307674881,0.375038196,0.697406418,0.806741152
42035,-0.904,-0.854,-0.7576,-0.6296,-0.693855101,-0.702336751,-0.68943341,-0.630585659,-0.541469898,-0.439400363,-0.336037849,-0.237856756,-0.1478608,-0.067009544,0.375978947,0.537333536
42063,-0.873,-0.85,-0.7316,-0.6216,-0.853107712,-0.799960053,-0.707883218,-0.597115203,-0.480416696,-0.365540809,-0.256924551,-0.156844546,-0.066202334,0.014946623,0.453786816,0.599516428
42094,-0.851,-0.814,-0.7246,-0.6076,-0.742702151,-0.795086291,-0.730780943,-0.608544137,-0.474612245,-0.349400992,-0.239645085,-0.146085982,-0.067172779,-0.000707542,0.318945568,0.427777138
42124,-0.815,-0.794,-0.7096,-0.5846,-0.829395529,-0.77380154,-0.666691135,-0.541913911,-0.417258372,-0.301315862,-0.197544588,-0.10665323,-0.027976511,0.039750189,0.376872407,0.491052408
42155,-0.821,-0.788,-0.7076,-0.5946,-0.838924208,-0.811357026,-0.736036885,-0.635740487,-0.525107318,-0.413269747,-0.305666865,-0.205294237,-0.113561475,-0.030876549,0.421655721,0.571304817
42185,-0.832,-0.789,-0.733,-0.647,-0.900651098,-0.878847273,-0.788783038,-0.663123816,-0.522708251,-0.38042726,-0.243877731,-0.117179125,-0.002212773,0.10053865,0.636724462,0.797053518
