year,cantonname,cantonno,typename,typeno,sum,sum2,0,1,2,3,4,5,6,7,8,9,10,11,12,13,14,15,16,17,18,19,20,21,22,23,24,25,26,27,28,29,30,31,32,33,34,35,36,37,38,39,40,41,42,43,44,45,46,47,48,49,50,51,52,53,54,55,56,57,58,59,60,61,62,63,64,65,66,67,68,69,70,71,72,73,74,75,76,77,78,79,80,81,82,83,84,85,86,87,88,89,90,91,92,93,94,95,96,97,98,99,100p
2010,Schweiz,0,perm,0,7870134,7940969,78031,79351,78793,77708,76746,76774,76943,75624,76637,77076,81863,81552,82878,84163,86677,86334,87747,89084,93283,95171,96146,95916,97690,96329,98900,100268,102894,103562,107052,107576,109133,106914,105935,106529,106297,106318,109432,110393,114281,118495,120508,124323,127707,129092,132442,133287,135525,131885,127131,123087,120047,116665,112578,109975,107046,102808,99816,96471,95807,91934,93965,92113,92851,90879,90003,85562,83772,80459,76417,71032,65110,63071,60596,57563,57108,55831,53666,50741,49211,46609,45134,41698,38773,35442,33332,30419,27111,24018,20733,18441,15045,10569,8089,6540,5002,3765,3071,2114,1413,905,1332
2010,Schweiz,0,nonperm,1,70835,7940969,1276,398,358,321,312,281,268,253,196,229,196,162,159,177,218,228,314,489,905,1223,1827,2260,2798,3213,3463,3388,3326,3124,2932,2723,2564,2228,2011,1871,1667,1524,1495,1338,1252,1193,1224,1221,1124,1162,1065,1013,1019,934,883,832,713,653,678,581,476,462,435,345,336,250,230,175,134,125,103,76,53,43,43,36,34,29,23,32,16,19,12,18,9,16,3,6,6,3,7,4,4,0,2,3,2,1,0,1,0,1,0,0,0,0,0
2010,Zuerich,1,perm,0,1373068,1383940,14878,14892,14508,14083,13634,13395,13267,12878,12903,12593,13246,13026,13164,13154,13415,13288,13225,13365,13706,14012,14368,14731,15266,16008,16977,17850,19118,19923,21432,21903,22973,22558,22194,21945,21882,21618,21700,21386,21474,22335,22603,22996,23350,23563,23652,23577,23632,22932,21803,20996,20164,19454,18576,18259,17805,17045,16562,15934,16212,15352,15687,15214,15298,15137,14974,14494,14205,13677,12990,12301,11075,10742,10291,9583,9753,9494,9124,8413,8098,7828,7624,7091,6503,6003,5647,5094,4390,3939,3443,2954,2458,1680,1287,1057,773,583,503,361,214,139,207
2010,Zuerich,1,nonperm,1,10872,1383940,144,61,64,52,46,51,44,45,33,32,29,30,28,24,24,28,40,60,101,120,198,236,335,450,504,497,546,523,437,411,435,380,352,301,270,257,270,224,227,201,228,225,178,210,181,178,187,149,145,146,114,98,110,93,72,66,79,47,55,36,33,14,22,19,11,7,9,3,5,9,5,3,5,5,1,3,2,2,2,0,0,1,1,0,2,0,0,0,1,0,0,0,0,0,0,0,0,0,0,0,0
2010,Bern,2,perm,0,979802,986643,9097,9260,9200,9021,8762,8954,8913,8754,8799,8921,9535,9594,9770,9989,10404,10554,10709,10813,11339,11530,11628,11580,12107,11586,11790,11885,12132,12389,12569,12682,12676,12382,12347,12406,12343,12164,12742,12857,13426,14038,14435,15006,15433,15567,15724,15911,16217,16162,15616,15411,14981,14687,14406,13968,13997,13382,12971,12836,12626,12232,12658,12406,12723,12495,12427,11687,11433,10729,10402,9405,8399,8294,7976,7738,7743,7474,7333,7127,6900,6588,6254,5926,5593,5166,4961,4427,3963,3578,3063,2843,2291,1631,1296,1024,785,581,451,294,212,131,180
2010,Bern,2,nonperm,1,6841,986643,201,43,28,25,21,25,26,17,17,24,22,12,20,16,19,24,23,30,70,116,180,201,246,315,310,338,333,311,283,294,296,242,206,192,158,136,141,117,95,111,103,119,115,89,96,99,83,90,96,77,60,56,57,52,49,44,45,40,30,26,23,20,15,12,7,5,7,6,4,4,4,4,1,5,5,0,1,1,0,2,0,0,1,0,0,0,1,0,0,0,1,0,0,1,0,1,0,0,0,0,0
2010,Luzern,3,perm,0,377610,379878,3893,3890,3928,3828,3840,3657,3710,3575,3770,3673,3949,4219,4131,4360,4598,4503,4491,4690,4913,4971,5149,5058,5302,5235,5262,5251,5445,5276,5516,5123,5234,4990,5091,5020,4898,4918,4801,4974,5366,5554,5594,5953,6041,6128,6290,6336,6623,6390,6118,5947,5784,5555,5414,5328,5031,4814,4685,4379,4424,4120,4260,4183,4109,3839,3816,3679,3645,3501,3248,3172,3076,2884,2815,2734,2773,2701,2501,2537,2346,2195,2088,1933,1768,1638,1510,1328,1180,1018,882,792,622,444,368,283,213,171,133,76,50,36,57
2010,Luzern,3,nonperm,1,2268,379878,56,7,10,10,10,12,6,11,8,5,5,4,9,3,7,8,12,13,31,22,51,73,104,93,102,99,81,93,69,73,66,67,56,63,40,54,54,41,43,46,48,44,45,52,47,42,32,38,32,33,27,29,25,30,12,18,15,13,14,11,10,5,7,3,7,4,0,2,2,1,0,2,0,0,0,0,0,0,0,1,0,0,0,0,0,0,0,0,0,0,0,0,0,0,0,0,0,0,0,0,0
2010,Uri,4,perm,0,35422,35742,347,354,347,335,348,345,356,344,366,357,401,394,416,400,419,418,417,430,452,440,482,460,432,477,482,439,455,405,429,413,438,420,416,434,416,425,469,477,468,471,518,530,543,508,572,563,578,528,549,505,527,539,527,488,527,469,479,451,481,448,432,419,431,401,401,414,393,371,368,319,321,266,306,261,236,284,232,249,255,213,221,197,179,174,185,155,158,146,107,108,67,62,42,34,29,23,8,13,6,6,6
2010,Uri,4,nonperm,1,320,35742,3,1,2,1,2,1,1,0,1,0,1,1,0,0,1,0,0,0,4,4,5,10,9,12,16,23,16,14,17,9,14,10,7,7,8,7,5,7,7,2,9,7,7,9,2,9,1,5,5,5,5,4,7,3,1,2,1,3,0,2,2,1,1,1,0,0,0,0,0,0,0,0,0,0,0,0,0,0,0,0,0,0,0,0,0,0,0,0,0,0,0,0,0,0,0,0,0,0,0,0,0
2010,Schwyz,5,perm,0,146730,147822,1456,1495,1556,1431,1456,1483,1437,1444,1467,1421,1610,1593,1589,1685,1696,1743,1739,1750,1783,1804,1786,1756,1746,1752,1827,1843,1770,1787,1883,1847,1881,1994,1949,1896,1934,1949,2077,2102,2265,2295,2318,2506,2412,2693,2694,2730,2770,2596,2581,2476,2376,2296,2294,2221,2005,1961,1939,1883,1771,1743,1811,1728,1709,1597,1616,1506,1425,1434,1275,1256,1109,1053,1016,980,989,949,945,874,857,766,726,661,613,540,490,429,437,327,309,253,226,161,103,81,67,52,39,21,27,12,19
2010,Schwyz,5,nonperm,1,1092,147822,9,5,6,3,4,2,2,2,1,3,1,2,1,1,1,2,1,5,5,17,14,26,31,46,39,57,50,43,40,57,27,31,35,28,33,30,28,25,24,24,34,26,20,21,23,11,15,23,20,22,17,9,24,12,7,9,7,3,4,7,1,3,1,4,3,2,0,2,1,0,0,0,0,0,0,0,0,0,0,0,0,0,0,0,0,0,0,0,0,0,0,0,0,0,0,0,0,0,0,0,0
2010,Obwalden,6,perm,0,35585,35983,356,389,365,389,363,333,371,330,339,343,400,408,420,405,416,440,411,453,465,512,466,511,475,493,452,465,439,437,454,467,479,433,414,435,456,447,433,452,513,523,545,556,597,595,636,620,602,598,623,577,595,525,533,538,496,496,471,443,398,451,427,440,404,382,393,407,342,326,303,297,248,292,266,250,185,182,223,237,215,199,181,179,159,150,123,114,100,112,87,77,58,47,37,27,25,14,12,3,8,3,4
2010,Obwalden,6,nonperm,1,398,35983,1,1,2,1,0,0,2,1,0,0,1,0,1,2,1,2,0,1,6,14,10,13,24,9,19,16,19,12,20,10,17,15,17,14,11,8,9,7,9,10,6,5,6,9,4,4,8,6,8,7,2,3,4,6,1,1,5,2,2,1,0,2,0,1,0,0,0,0,0,0,0,0,0,0,0,0,0,0,0,0,0,0,0,0,0,0,0,0,0,0,0,0,0,0,0,0,0,0,0,0,0
2010,Nidwalden,7,perm,0,41024,41248,374,366,377,371,390,384,366,385,382,364,412,397,429,426,427,438,486,487,523,525,542,477,523,483,503,530,467,512,465,528,484,486,500,513,493,525,565,522,558,588,595,627,694,724,746,747,764,696,724,686,689,681,654,633,635,574,572,574,543,514,568,543,553,566,496,468,504,448,440,381,355,311,288,285,308,272,228,254,220,212,214,186,194,162,186,134,100,112,87,69,68,41,33,29,16,10,10,8,6,3,11
2010,Nidwalden,7,nonperm,1,224,41248,5,2,2,1,2,0,0,2,0,2,0,0,0,2,2,1,1,4,3,3,4,0,2,10,11,9,5,14,8,7,10,7,6,3,7,4,4,4,11,3,3,8,4,9,8,1,4,5,2,0,4,3,3,0,2,2,1,2,1,1,0,0,0,0,0,0,0,0,0,0,0,0,0,0,0,0,0,0,0,0,0,0,0,0,0,0,0,0,0,0,0,0,0,0,0,0,0,0,0,0,0
2010,Glarus,8,perm,0,38608,39164,315,332,342,369,359,355,335,366,347,370,380,375,437,423,458,436,504,451,506,513,493,531,572,533,508,526,545,578,501,523,500,455,447,439,402,468,448,471,478,490,520,515,570,574,588,649,654,651,654,598,605,601,602,578,562,552,549,503,525,503,480,507,467,417,432,398,415,388,378,371,302,317,314,284,327,272,266,267,276,266,244,223,184,187,189,186,158,133,105,90,95,59,52,32,33,19,12,13,5,4,7
2010,Glarus,8,nonperm,1,556,39164,5,2,1,0,3,1,0,0,0,1,1,0,0,0,0,0,2,3,10,9,12,17,18,25,24,26,24,21,17,12,16,15,14,16,8,9,15,11,18,16,17,13,17,10,6,13,14,7,17,6,9,12,7,8,2,4,6,2,3,1,4,2,0,0,2,1,0,0,0,0,1,0,0,0,0,0,0,0,0,0,0,0,0,0,0,0,0,0,0,0,0,0,0,0,0,0,0,0,0,0,0
2010,Zug,9,perm,0,113105,114315,1160,1189,1141,1163,1176,1115,1129,1178,1069,1135,1225,1120,1171,1227,1211,1230,1251,1206,1227,1232,1209,1223,1217,1212,1324,1359,1357,1365,1512,1437,1533,1517,1485,1506,1650,1592,1670,1754,1773,1946,1908,2085,2092,2019,2167,2108,2131,2163,1931,1919,1895,1822,1652,1631,1512,1509,1492,1419,1416,1313,1330,1325,1264,1322,1280,1239,1209,1094,1034,1086,935,885,839,756,776,735,713,640,567,581,561,493,476,391,366,336,298,264,188,175,142,85,84,78,51,49,27,21,15,8,7
2010,Zug,9,nonperm,1,1210,114315,10,3,3,3,2,3,3,2,2,1,2,1,1,1,1,2,3,7,11,11,15,15,21,25,26,22,35,30,37,45,49,30,29,28,42,27,38,41,21,26,27,33,26,40,27,28,29,42,20,28,28,22,25,23,14,17,14,14,11,12,14,5,8,8,2,4,3,3,1,0,1,2,1,0,2,0,0,0,0,2,0,0,0,0,0,0,0,0,0,0,0,0,0,0,0,0,0,0,0,0,0
2010,Fribourg,10,perm,0,278493,280443,3000,3123,3113,3086,3149,3103,3176,3214,3150,3295,3470,3360,3513,3504,3545,3580,3552,3565,3696,3657,3769,3707,3729,3550,3632,3620,3689,3610,3648,3662,3643,3582,3490,3712,3686,3708,3964,4111,4236,4300,4403,4567,4661,4698,4803,4889,4851,4722,4462,4457,4261,3967,3954,3818,3653,3491,3377,3155,3270,3124,3114,2928,3049,2970,3022,2814,2636,2567,2420,2203,1907,1875,1792,1683,1670,1564,1521,1468,1365,1273,1204,1126,1068,1042,938,789,759,663,580,498,391,295,219,187,127,93,72,51,24,23,21
2010,Fribourg,10,nonperm,1,1950,280443,73,17,10,12,7,9,5,8,6,10,10,4,4,2,5,4,10,21,34,44,74,102,135,132,125,74,93,68,71,73,57,52,52,50,42,29,29,29,29,29,29,34,32,22,14,12,15,19,17,16,17,8,15,14,8,6,7,3,5,2,4,1,3,3,1,2,0,0,0,0,0,0,0,0,0,0,0,0,0,0,0,0,0,0,0,0,0,0,0,0,1,0,0,0,0,0,0,0,0,0,0
2010,Solothurn,11,perm,0,255284,256802,2231,2300,2260,2284,2168,2346,2342,2400,2383,2457,2558,2648,2637,2813,2833,2820,2885,3055,3068,3200,3254,3281,3292,3103,3214,3250,3355,3170,3192,3156,3052,3014,2964,2922,2953,2979,3048,3081,3454,3555,3771,3906,4197,4170,4338,4386,4555,4418,4377,4281,4227,4068,4037,3805,3971,3540,3599,3387,3274,3248,3201,3157,3186,2976,2967,2921,2783,2636,2545,2392,2122,2099,1981,1994,1938,1920,1884,1859,1735,1692,1578,1473,1326,1185,1159,1088,909,788,717,607,541,342,295,207,174,115,93,50,52,28,37
2010,Solothurn,11,nonperm,1,1518,256802,42,8,9,9,3,4,5,5,3,2,2,0,2,2,2,4,10,7,19,17,36,50,66,68,62,64,58,67,64,76,57,58,39,42,30,31,34,19,23,23,27,24,24,28,35,20,27,17,22,14,15,13,19,13,12,15,13,12,10,8,6,6,1,4,3,0,0,2,0,0,0,1,0,0,0,0,0,1,1,0,1,1,0,0,1,0,0,0,0,0,0,0,0,0,0,0,0,0,0,0,0
2010,BaselStadt,12,perm,0,184950,187803,1802,1721,1620,1569,1523,1493,1461,1438,1410,1344,1464,1432,1448,1397,1550,1464,1592,1549,1687,1744,1804,1928,2026,2125,2353,2499,2754,2908,3011,3080,3023,2970,2883,2872,2820,2688,2744,2584,2531,2598,2595,2717,2772,2741,3000,2997,3005,2893,2883,2750,2874,2637,2582,2562,2533,2349,2339,2272,2285,2119,2245,2168,2134,2086,2029,1956,1918,1949,1893,1800,1668,1675,1552,1638,1560,1648,1528,1423,1511,1475,1492,1424,1327,1250,1125,1063,969,854,750,693,587,371,323,232,196,177,164,111,66,42,64
2010,BaselStadt,12,nonperm,1,2853,187803,26,23,17,19,15,16,9,16,8,6,7,6,3,7,7,4,8,17,16,28,40,55,82,88,132,153,160,165,161,134,140,95,103,102,89,77,82,49,58,52,45,36,42,33,42,35,42,24,28,32,26,19,21,24,15,15,12,13,21,10,7,7,3,2,5,3,1,2,0,1,3,2,1,1,3,0,0,1,0,0,0,1,0,0,0,0,0,0,0,0,0,0,0,0,0,0,0,0,0,0,0
2010,BaselLand,13,perm,0,274404,275750,2432,2549,2508,2539,2473,2484,2532,2446,2543,2617,2737,2791,2821,2847,2973,2891,2954,3011,3060,3100,3117,3090,3104,3066,3073,3118,3087,2995,3247,2996,3189,3091,3148,3182,3152,3324,3480,3573,3757,3870,4077,4428,4540,4627,4605,4656,4891,4667,4542,4352,4383,4206,4066,4010,3915,3762,3554,3569,3640,3455,3585,3676,3573,3612,3550,3402,3326,3097,3241,2960,2740,2677,2585,2359,2470,2266,2348,2064,2039,1883,1787,1680,1606,1363,1276,1137,1055,867,748,666,503,327,264,216,140,127,105,63,35,30,44
2010,BaselLand,13,nonperm,1,1346,275750,16,8,6,7,13,8,7,8,10,3,9,3,4,4,10,5,10,18,27,29,26,32,35,44,65,57,53,47,47,38,55,50,30,26,25,23,28,20,22,31,19,30,26,22,22,22,18,21,15,16,13,18,8,18,20,18,13,8,8,5,5,6,7,4,2,6,0,1,3,1,3,2,1,2,0,3,0,0,0,0,0,0,0,0,0,1,0,0,0,0,0,0,0,0,0,0,0,0,0,0,0
2010,Schaffhausen,14,perm,0,76356,77041,628,684,666,703,632,694,633,687,692,674,728,779,748,818,819,826,867,863,910,911,957,1002,1006,1012,901,987,960,942,989,988,929,938,884,928,881,856,889,891,902,991,970,1160,1101,1134,1248,1233,1306,1331,1235,1310,1226,1249,1128,1111,1158,1050,1036,991,1003,973,1012,940,953,951,935,893,861,763,792,846,739,705,667,630,646,590,605,560,561,531,558,488,443,395,395,356,335,293,260,216,166,145,106,87,50,42,32,25,13,16,7
2010,Schaffhausen,14,nonperm,1,685,77041,11,1,2,2,4,1,1,1,1,2,1,0,0,1,1,0,0,5,12,11,11,15,16,23,22,16,17,23,25,20,18,19,17,11,17,6,10,11,15,14,10,22,19,18,15,18,17,11,18,11,11,18,19,8,16,7,16,2,7,6,6,8,4,6,4,0,2,0,0,2,0,0,0,0,0,1,0,0,0,0,0,0,0,0,0,0,0,0,0,0,0,0,0,0,0,0,0,0,0,0,0
2010,AppenzellAus,15,perm,0,53017,53194,513,482,484,470,477,483,460,469,487,529,573,575,634,668,652,674,669,726,726,758,711,705,719,643,632,601,646,601,626,594,578,544,567,595,614,586,617,626,676,695,727,789,830,861,863,919,903,902,940,844,890,873,849,820,739,737,732,774,726,632,691,659,659,625,604,622,552,552,501,475,456,438,423,361,388,379,352,329,341,323,326,290,283,270,227,252,217,183,165,144,132,92,73,57,42,33,24,17,10,5,10
2010,AppenzellAus,15,nonperm,1,177,53194,4,2,0,1,2,1,0,0,0,0,0,0,0,0,0,0,1,2,6,1,2,9,15,7,13,9,6,8,4,4,5,5,7,4,0,4,4,1,3,5,2,3,4,4,3,4,5,3,1,3,3,1,1,0,0,0,0,1,1,0,0,1,0,1,1,0,0,0,0,0,0,0,0,0,0,0,0,0,0,0,0,0,0,0,0,0,0,0,0,0,0,0,0,0,0,0,0,0,0,0,0
2010,AppenzellIn,16,perm,0,15688,15729,157,160,160,170,152,143,155,158,186,172,182,183,202,222,222,214,230,235,245,231,241,224,217,192,227,210,232,216,198,201,180,192,180,165,166,187,185,211,202,227,219,238,221,206,236,251,263,260,248,234,245,243,205,178,185,204,186,193,148,182,173,175,180,168,158,156,120,146,138,129,131,136,135,110,116,143,98,119,120,108,111,88,75,77,66,59,64,42,32,40,20,12,22,8,13,4,5,3,3,1,7
2010,AppenzellIn,16,nonperm,1,41,15729,1,0,0,0,0,0,0,0,0,0,0,0,0,0,0,0,1,0,1,2,0,0,4,3,1,6,3,1,0,1,3,1,0,0,1,2,0,0,3,1,1,0,0,0,2,0,0,0,0,1,0,0,1,1,0,0,0,0,0,0,0,0,0,0,0,0,0,0,0,0,0,0,0,0,0,0,0,0,0,0,0,0,0,0,0,0,0,0,0,0,0,0,0,0,0,0,0,0,0,0,0
2010,StGallen,17,perm,0,478907,481490,4852,4870,4806,4648,4624,4575,4779,4835,4899,4864,5328,5274,5494,5475,5688,5727,5943,6082,6433,6634,6704,6690,6771,6826,6793,6924,6809,6699,6713,6473,6621,6261,6056,6020,5963,5852,5962,6139,6238,6854,6922,7337,7477,7462,7890,7861,8084,7849,7800,7568,7145,6913,6804,6707,6624,6164,6112,5744,5759,5468,5567,5410,5499,5312,5177,5037,4857,4786,4492,4167,3952,3800,3681,3415,3301,3233,3155,2785,2874,2637,2480,2288,2154,1959,1886,1825,1558,1413,1179,1050,816,582,421,345,289,166,165,115,81,48,62
2010,StGallen,17,nonperm,1,2583,481490,31,11,11,8,8,9,11,1,5,11,4,5,6,3,6,10,11,22,45,54,81,94,136,127,154,122,128,92,89,91,90,65,80,69,50,65,54,44,48,42,36,32,39,36,49,51,38,41,24,35,22,21,26,25,16,18,13,12,15,8,11,2,2,5,2,4,0,0,2,2,0,1,0,0,1,0,0,0,0,0,1,0,0,0,0,0,0,0,0,0,0,0,0,0,0,0,0,0,0,0,0
2010,Graubuenden,18,perm,0,192621,201189,1598,1604,1663,1625,1568,1568,1712,1709,1689,1773,1944,1920,1994,1957,2070,2061,2068,2241,2420,2407,2436,2506,2553,2455,2488,2541,2484,2552,2511,2513,2541,2402,2307,2314,2419,2331,2463,2535,2584,2842,2895,2992,3062,3117,3163,3073,3247,3231,3157,3140,3013,3007,2888,2898,2714,2686,2574,2569,2582,2492,2507,2497,2473,2402,2341,2191,2214,2184,1943,1841,1763,1674,1644,1544,1478,1432,1344,1338,1263,1160,1175,1024,996,899,891,745,717,630,502,437,402,287,228,161,134,88,75,46,38,18,27
2010,Graubuenden,18,nonperm,1,8568,201189,31,13,12,9,7,5,5,7,4,2,3,5,4,2,4,3,5,25,91,189,362,436,481,539,533,508,477,416,405,329,299,268,221,224,190,175,140,149,124,118,129,127,127,136,122,112,117,101,113,81,77,82,62,45,43,57,39,26,39,18,19,19,14,6,8,9,8,2,2,2,1,0,1,0,0,1,0,1,0,1,1,0,0,0,0,0,0,0,0,0,0,0,0,0,0,0,0,0,0,0,0
2010,Aargau,19,perm,0,611466,614524,6279,6108,6289,5962,6072,6115,6188,6064,6027,5966,6347,6360,6565,6766,6939,6812,6893,7062,7471,7499,7655,7553,7625,7609,7830,7938,8271,8164,8308,8416,8238,8019,7850,7936,7910,7922,8087,8053,8668,9174,9384,9704,10279,10338,10721,10702,11067,10571,10305,10122,9852,9435,9259,9187,8810,8651,8280,7974,7836,7295,7476,7212,7235,6878,6946,6534,6437,6239,5745,5267,4800,4612,4454,4165,4098,3956,3891,3576,3534,3271,3123,2891,2658,2421,2175,1986,1738,1527,1291,1148,875,672,478,422,262,219,172,109,77,46,68
2010,Aargau,19,nonperm,1,3058,614524,36,13,13,10,6,12,12,12,13,7,9,5,10,7,7,10,20,32,46,43,52,100,89,109,163,147,118,145,128,116,101,86,67,52,54,67,50,53,54,64,51,53,54,48,56,51,62,48,57,57,48,38,41,35,31,36,23,20,31,19,14,16,7,4,5,2,1,2,2,1,1,0,1,2,0,0,0,1,0,1,0,0,0,0,1,0,0,0,0,0,0,0,0,0,0,0,0,0,0,0,0
2010,Thurgau,20,perm,0,248444,250536,2399,2412,2386,2469,2403,2414,2501,2425,2505,2483,2792,2772,2822,2939,2996,3032,3226,3286,3292,3448,3473,3420,3529,3280,3265,3254,3146,3163,3077,3140,3057,2998,2950,2803,2919,2879,3043,3197,3224,3568,3721,3837,4222,4300,4395,4414,4497,4519,4399,4131,4029,4024,3844,3635,3676,3563,3326,3259,3064,2827,3005,2920,2821,2740,2671,2510,2430,2391,2188,1997,1960,1884,1724,1659,1695,1642,1504,1430,1350,1291,1292,1248,1108,989,949,902,742,714,558,485,424,306,216,161,131,113,83,57,37,13,35
2010,Thurgau,20,nonperm,1,2092,250536,17,4,6,4,6,3,7,4,9,6,5,1,3,5,5,0,14,12,41,49,79,101,120,93,120,108,96,74,91,79,63,64,62,56,46,44,43,34,38,29,32,32,32,34,28,29,24,27,28,21,20,19,29,16,12,10,11,13,9,3,2,1,3,6,2,1,2,0,1,0,0,1,0,1,0,0,1,0,0,0,0,0,1,0,0,0,0,0,0,0,0,0,0,0,0,0,0,0,0,0,0
2010,Ticino,21,perm,0,333753,336000,2713,2845,3081,2954,2959,3003,3006,2978,3147,3002,3306,3218,3299,3322,3301,3265,3378,3259,3525,3492,3535,3487,3441,3441,3521,3485,3592,3603,3679,3741,3806,4012,3976,4135,4300,4433,4719,4877,5002,5242,5382,5647,5626,5567,6016,6048,6015,5687,5311,5214,4953,4928,4569,4531,4502,4380,4302,4204,4115,4154,4202,4231,4281,4222,4362,4058,4059,3876,3780,3704,3687,3435,3307,3094,2959,3112,2754,2688,2414,2327,2194,2043,1819,1781,1640,1490,1363,1205,1134,985,778,570,430,363,302,249,214,134,112,76,88
2010,Ticino,21,nonperm,1,2247,336000,158,27,6,9,13,7,8,9,5,10,6,9,5,10,6,9,6,6,34,21,38,58,64,75,64,87,97,83,78,60,59,56,63,43,42,38,47,40,33,33,39,32,41,32,32,37,36,32,31,35,28,31,31,18,26,22,24,18,15,16,15,12,8,13,13,6,10,6,7,5,10,3,5,7,3,5,4,7,2,0,0,2,0,0,1,1,1,0,0,3,0,0,0,0,0,0,0,0,0,0,0
2010,Vaud,22,perm,0,713281,720767,7524,7991,7659,7957,7750,7744,7698,7548,7584,7943,8157,8109,8073,8149,8414,8358,8487,8581,9266,9740,9485,9246,9283,8935,8981,8902,9027,9213,9590,9680,10099,9844,9941,10202,9969,10311,10658,10620,11205,11011,11022,11039,11136,11351,11723,11854,11816,11725,11108,10456,10396,10171,9864,9580,8879,8637,8301,8058,7949,7881,7848,7834,7984,8039,7858,7343,7281,6910,6541,5722,5230,5029,4891,4676,4516,4458,4359,4068,3995,3860,3926,3484,3256,2966,2867,2729,2474,2141,1923,1732,1415,959,719,652,501,342,273,220,147,92,141
2010,Vaud,22,nonperm,1,7486,720767,239,88,77,79,76,57,65,56,40,60,44,41,34,49,82,79,102,108,128,171,197,185,258,294,317,286,293,277,282,277,234,246,216,207,197,176,167,160,130,123,121,109,95,112,84,81,76,52,56,56,44,48,38,45,36,26,30,23,21,17,16,11,6,11,10,8,4,7,7,4,3,1,4,1,0,4,2,2,3,5,0,1,1,2,1,1,2,0,1,0,0,1,0,0,0,0,0,0,0,0,0
2010,Valais,23,perm,0,312684,320380,3049,2947,3023,2931,3036,3063,2904,2934,3015,3216,3258,3250,3371,3449,3568,3569,3625,3695,4021,4104,4350,4216,4268,4088,4126,4074,4068,3970,4037,4200,4099,3914,3904,3914,3891,3952,4081,4222,4423,4502,4584,4606,4843,4935,5030,5212,5309,5335,4982,4941,4833,4721,4454,4274,4152,4098,3982,3799,3780,3777,3870,3809,3970,3897,3818,3581,3547,3498,3154,2971,2644,2615,2510,2401,2313,2321,2234,2041,2036,1858,1768,1620,1525,1265,1212,1099,1005,861,733,646,497,362,261,201,186,131,84,64,40,21,41
2010,Valais,23,nonperm,1,7696,320380,76,27,34,23,33,24,25,23,14,27,18,15,12,20,14,10,15,17,101,177,254,306,338,415,399,414,395,381,348,291,265,225,199,195,177,149,144,158,124,117,129,121,109,125,116,108,102,114,87,85,80,73,69,64,58,47,41,49,21,22,20,18,7,5,4,3,3,0,2,1,1,2,0,2,1,0,1,1,1,2,0,0,0,1,1,1,0,0,0,0,0,0,0,0,0,0,0,0,0,0,0
2010,Neuchatel,24,perm,0,172085,173011,1733,1830,1740,1747,1843,1852,1836,1801,1872,1864,1948,1934,1939,1977,1958,2031,2053,2112,2193,2123,2245,2134,2161,2040,2076,2117,2068,2043,2080,2149,2198,2158,2219,2242,2231,2331,2373,2486,2567,2669,2552,2607,2670,2774,2730,2788,2868,2641,2569,2420,2464,2469,2286,2272,2250,2162,2078,2024,2007,1961,1932,1972,1996,2036,2067,1855,1774,1809,1722,1528,1377,1329,1245,1250,1267,1291,1225,1158,1172,1143,1057,992,981,835,849,740,669,640,579,515,417,295,202,153,135,79,86,55,26,33,34
2010,Neuchatel,24,nonperm,1,926,173011,18,5,10,10,4,6,5,5,5,3,7,6,4,8,5,8,5,65,27,17,24,34,43,45,45,31,37,21,27,40,32,28,29,18,18,23,9,17,15,12,13,18,8,9,11,7,12,10,3,6,7,6,8,4,3,2,1,4,2,4,1,2,3,0,1,2,0,1,1,1,0,1,1,1,0,0,0,0,0,1,0,0,1,0,0,0,0,0,0,0,0,0,0,0,0,0,0,0,0,0,0
2010,Geneve,25,perm,0,457715,461281,4599,4849,4901,4965,4857,4932,4936,4543,4813,4855,5064,4949,4899,4903,5229,5046,5194,5229,5376,5631,5394,5494,5445,5358,5802,5811,6170,6283,6595,6885,6896,6985,7019,7205,7194,7091,7360,7249,7364,7198,7272,6979,7283,7384,7584,7663,7788,7350,7069,6740,6592,6536,6179,5977,5738,5603,5354,5211,5047,4788,5000,4830,5006,4949,4831,4588,4663,4334,4217,3794,3538,3411,3321,3173,3031,3004,2805,2718,2669,2462,2504,2264,2056,1951,1687,1645,1483,1329,1128,1062,885,643,439,391,287,248,203,166,98,65,132
2010,Geneve,25,nonperm,1,3566,461281,45,22,24,22,22,21,19,17,10,10,9,8,8,8,8,14,10,9,26,53,59,87,111,148,187,208,177,188,179,163,148,106,99,112,100,78,83,73,76,60,61,65,49,51,39,39,54,45,34,35,33,22,23,22,19,19,16,15,11,15,17,12,11,6,10,7,2,4,3,2,1,4,2,5,0,2,1,1,0,1,0,0,1,0,0,0,0,0,0,0,0,0,0,0,0,0,0,0,0,0,0
2010,Jura,26,perm,0,70032,70294,646,709,670,639,732,741,740,721,793,845,849,872,892,888,876,914,898,888,980,953,893,906,881,827,861,789,808,758,790,779,786,755,754,788,755,782,854,943,927,959,976,996,1055,1056,1028,1100,1089,1068,1145,1012,1048,1058,952,966,977,929,964,866,926,882,884,930,894,860,832,809,743,754,667,648,576,633,573,540,572,509,494,519,498,467,446,386,423,383,333,311,270,239,183,156,169,99,91,52,41,37,26,18,11,6,16
2010,Jura,26,nonperm,1,262,70294,18,4,3,1,3,3,0,1,1,2,0,4,0,0,0,1,4,0,10,1,3,5,15,18,10,11,9,7,5,13,8,7,5,8,12,5,7,4,2,1,5,3,5,3,1,2,1,4,4,4,3,0,5,2,1,1,3,0,0,0,0,1,1,1,0,0,1,0,0,0,0,0,0,0,0,0,0,0,0,0,0,0,0,0,0,0,0,0,0,0,0,0,0,0,0,0,0,0,0,0,0
2011,Schweiz,0,perm,0,7954662,8035391,78426,81663,80196,79522,78288,77429,77450,77458,76270,77256,77650,82547,82199,83428,84867,87265,86936,88301,90378,95014,96850,97786,97770,100145,99051,101829,103410,106243,106538,109784,110176,111458,108965,107893,108326,107982,107898,110965,111639,115406,119642,121658,125215,128544,129881,133048,133821,135997,132256,127385,123289,120147,116703,112449,109769,106680,102454,99391,95934,95237,91100,93158,91252,91965,89878,88767,84466,82815,79492,75469,70109,64165,62137,59563,56476,55882,54492,52205,49266,47562,44801,43201,39678,36563,33241,30858,27883,24525,21432,18326,15892,12673,8782,6541,5170,3881,2803,2219,1484,932,1401
2011,Schweiz,0,nonperm,1,80729,8035391,1659,553,504,452,414,392,338,338,285,272,280,270,250,229,253,293,425,499,1121,1294,1808,2524,3017,3454,3742,3762,3604,3395,3093,2989,2807,2664,2401,2209,2009,1770,1667,1556,1481,1394,1410,1277,1365,1247,1239,1221,1115,1129,982,1005,853,759,717,702,648,514,467,420,358,317,263,226,194,134,112,103,64,58,55,37,27,43,32,31,27,17,8,8,16,9,13,3,7,6,3,5,6,3,3,2,0,1,1,0,0,0,0,0,0,0,0
2011,Zuerich,1,perm,0,1392396,1405140,15143,15339,14890,14452,14031,13632,13433,13287,12962,12993,12623,13343,13132,13230,13209,13490,13352,13288,13531,14069,14424,14886,15373,16082,17094,18270,19299,20549,21085,22381,22830,23673,23057,22625,22259,22133,21845,21883,21582,21592,22521,22792,23123,23406,23642,23663,23562,23657,22932,21783,20974,20130,19371,18521,18143,17698,16946,16471,15803,16075,15148,15468,14998,15013,14897,14651,14209,13971,13465,12815,12090,10912,10553,10102,9385,9554,9226,8855,8143,7819,7513,7292,6738,6104,5650,5199,4647,3955,3492,3056,2560,2090,1391,1045,817,609,426,366,255,144,209
2011,Zuerich,1,nonperm,1,12744,1405140,163,83,68,73,68,61,50,62,40,50,42,38,31,24,32,27,62,75,175,164,236,329,410,514,600,587,569,569,524,471,454,432,381,406,349,303,263,254,244,249,254,198,248,217,231,193,198,195,179,166,138,142,119,106,98,90,80,53,50,50,38,29,22,26,10,12,7,9,10,5,5,10,5,4,3,2,5,0,1,2,0,0,1,1,0,0,0,0,0,0,0,0,0,0,0,0,0,0,0,0,0
2011,Bern,2,perm,0,985046,992782,9065,9469,9325,9278,9065,8847,8995,8967,8775,8862,8977,9570,9646,9797,10047,10427,10583,10733,10833,11369,11579,11702,11738,12228,11717,11964,12112,12365,12628,12835,12900,12969,12557,12456,12607,12464,12302,12853,12909,13494,14120,14545,15044,15512,15619,15765,15938,16221,16204,15612,15384,14955,14657,14379,13934,13939,13336,12939,12787,12553,12149,12567,12310,12626,12362,12304,11578,11315,10614,10295,9303,8264,8174,7834,7591,7607,7307,7137,6927,6670,6349,5973,5622,5275,4863,4584,4071,3579,3211,2707,2408,1937,1343,1027,807,607,433,329,218,132,185
2011,Bern,2,nonperm,1,7736,992782,194,53,52,32,36,38,34,36,28,23,22,23,26,20,28,32,31,39,90,105,150,221,282,313,372,408,389,334,292,276,316,303,229,236,204,162,164,133,128,131,119,125,100,125,104,101,107,109,87,87,71,60,74,68,62,47,48,37,32,26,29,30,25,12,11,6,6,3,5,5,2,3,5,4,4,5,0,0,0,1,0,0,2,2,0,0,0,1,1,0,0,0,0,0,0,0,0,0,0,0,0
2011,Luzern,3,perm,0,381966,384665,3936,4027,3954,3963,3863,3862,3695,3737,3612,3778,3687,3969,4234,4161,4383,4617,4540,4524,4724,4957,5045,5292,5163,5388,5318,5394,5361,5527,5389,5582,5226,5329,5084,5126,5117,4976,5030,4900,5046,5431,5590,5644,6009,6093,6194,6325,6355,6642,6424,6118,5948,5801,5567,5405,5328,5034,4829,4663,4352,4417,4101,4236,4162,4108,3805,3794,3667,3612,3463,3214,3135,3028,2856,2769,2683,2694,2644,2443,2470,2275,2123,2003,1848,1680,1526,1380,1201,1053,903,786,691,523,367,299,236,156,120,90,49,32,56
2011,Luzern,3,nonperm,1,2699,384665,63,19,13,14,15,9,13,6,12,7,8,10,7,10,7,11,20,23,43,45,53,93,95,101,132,102,103,103,85,97,91,90,78,69,65,45,63,54,40,53,59,51,54,46,37,56,41,45,39,41,40,25,26,33,19,23,16,11,14,7,13,10,4,6,4,1,3,1,0,3,0,0,0,1,0,1,0,0,1,0,0,0,0,0,0,0,0,1,0,0,0,0,0,0,0,0,0,0,0,0,0
2011,Uri,4,perm,0,35382,35775,317,358,354,346,336,352,345,358,344,368,357,403,391,417,397,419,415,418,426,458,442,478,455,430,466,476,436,448,395,437,406,438,425,409,422,415,422,465,473,475,475,525,530,539,517,574,562,579,522,552,500,530,539,528,478,526,460,477,446,479,448,430,415,423,399,396,414,391,363,368,313,317,264,305,258,231,276,226,242,248,209,208,188,168,160,178,141,141,128,93,95,53,50,35,27,18,11,5,8,3,6
2011,Uri,4,nonperm,1,393,35775,10,2,5,4,1,2,2,1,0,2,1,1,0,0,0,0,2,2,4,4,4,10,14,13,16,10,17,12,17,19,10,15,15,5,12,10,6,3,12,7,11,3,15,9,11,6,4,9,8,4,8,5,3,5,2,4,3,2,3,1,2,2,1,1,0,0,0,0,0,0,0,0,0,0,0,0,0,0,0,0,0,0,0,0,1,0,0,0,0,0,0,0,0,0,0,0,0,0,0,0,0
2011,Schwyz,5,perm,0,147904,149244,1409,1493,1475,1547,1450,1460,1481,1445,1450,1460,1419,1622,1607,1590,1686,1687,1742,1733,1752,1779,1807,1776,1743,1763,1761,1852,1888,1810,1812,1917,1883,1905,2008,1945,1940,1949,1974,2071,2133,2260,2352,2360,2516,2457,2724,2687,2768,2775,2629,2605,2487,2375,2311,2292,2226,1996,1964,1934,1891,1751,1730,1801,1722,1708,1600,1598,1491,1413,1428,1241,1250,1092,1036,1002,956,961,924,924,852,833,730,707,622,585,503,433,403,387,276,273,214,191,124,80,60,47,39,30,13,19,22
2011,Schwyz,5,nonperm,1,1340,149244,15,5,10,6,4,6,2,10,3,1,1,5,2,5,4,5,6,5,10,9,32,32,41,42,47,69,60,50,38,46,44,60,42,38,32,34,26,32,29,20,35,20,35,23,22,25,23,25,15,28,17,20,14,20,19,13,8,4,7,6,5,8,3,2,3,3,3,0,3,2,0,0,1,0,0,0,0,0,0,0,0,0,0,0,0,0,0,0,0,0,0,0,0,0,0,0,0,0,0,0,0
2011,Obwalden,6,perm,0,35885,36323,377,364,390,370,389,360,333,375,334,340,345,407,408,418,409,415,441,409,452,468,500,462,512,466,474,453,487,434,432,451,465,482,429,423,441,468,456,441,459,524,530,546,561,601,593,628,630,606,601,621,580,594,531,541,541,495,501,480,441,398,459,426,441,400,379,394,406,346,323,294,293,250,291,266,243,181,179,219,231,208,195,169,169,155,142,116,102,92,99,72,68,52,41,28,22,19,11,11,3,5,3
2011,Obwalden,6,nonperm,1,438,36323,3,1,1,1,0,3,0,0,0,0,0,1,0,0,0,1,0,2,4,5,15,12,23,23,30,19,19,14,16,18,10,12,11,13,11,15,17,7,9,7,6,13,4,9,11,6,4,9,7,7,8,2,3,0,6,4,2,6,2,3,0,1,1,0,1,0,0,0,0,0,0,0,0,0,0,0,0,0,0,0,0,0,0,0,0,0,0,0,0,0,0,0,0,0,0,0,0,0,0,0,0
2011,Nidwalden,7,perm,0,41311,41609,370,379,360,382,367,394,383,366,387,385,362,414,394,427,432,432,437,489,494,522,518,543,481,533,484,504,544,471,525,446,540,500,493,504,527,500,525,550,518,568,594,604,633,716,723,755,746,766,691,724,678,700,683,656,638,632,570,576,576,546,510,562,550,546,566,495,467,503,448,434,378,350,307,284,283,303,266,219,245,211,207,205,176,183,152,167,125,94,101,74,64,53,33,27,20,15,8,8,3,4,8
2011,Nidwalden,7,nonperm,1,298,41609,3,3,0,3,5,0,0,2,1,3,2,2,1,2,1,0,0,0,5,3,7,3,7,9,9,12,5,10,10,8,11,10,13,11,7,6,13,10,6,4,10,3,6,7,7,11,2,6,6,3,3,3,4,5,1,2,3,0,3,1,3,0,1,0,0,1,0,0,0,0,0,0,0,0,0,0,0,0,0,0,0,0,0,0,0,0,0,0,0,0,0,0,0,0,0,0,0,0,0,0,0
2011,Glarus,8,perm,0,39217,39834,341,348,335,353,381,366,360,334,381,356,369,382,376,439,428,462,434,509,457,508,526,499,542,577,543,520,527,562,585,512,539,516,470,473,451,425,485,448,476,506,505,533,539,586,581,598,668,665,652,667,609,620,614,617,569,560,553,554,505,532,502,479,504,468,415,431,402,417,383,376,369,297,314,308,276,323,262,263,261,268,254,233,219,175,178,175,170,143,113,89,78,74,46,38,25,23,12,10,5,4,7
2011,Glarus,8,nonperm,1,617,39834,5,1,2,2,0,4,0,0,0,1,2,1,0,1,3,0,4,5,13,9,5,8,16,17,25,23,20,28,22,15,16,16,12,17,12,20,16,16,19,18,15,20,16,16,12,13,20,11,16,13,6,11,12,5,7,5,8,3,2,2,1,4,1,0,0,1,0,1,1,0,0,1,0,0,0,0,0,0,0,0,0,0,0,0,0,0,0,0,0,0,0,0,0,0,0,0,0,0,0,0,0
2011,Zug,9,perm,0,115104,116435,1196,1222,1183,1175,1189,1196,1154,1137,1207,1093,1170,1247,1137,1192,1238,1229,1229,1255,1207,1222,1231,1237,1256,1255,1285,1393,1388,1406,1421,1575,1525,1608,1580,1584,1584,1698,1627,1740,1801,1805,1972,1908,2115,2100,2020,2198,2124,2164,2162,1953,1927,1918,1835,1666,1628,1502,1502,1481,1411,1398,1296,1312,1300,1247,1302,1244,1208,1199,1075,1014,1066,914,879,826,737,759,715,695,625,542,551,537,465,447,369,347,309,266,238,164,140,124,74,63,64,39,36,19,14,9,13
2011,Zug,9,nonperm,1,1331,116435,11,3,1,5,2,4,3,1,3,4,2,3,2,0,2,3,14,10,15,10,14,24,17,30,37,38,47,49,35,28,37,34,42,33,26,46,29,39,32,29,35,27,42,33,36,39,26,31,22,29,31,26,22,20,26,11,12,10,13,11,12,12,6,6,5,4,4,3,5,0,1,1,2,1,0,1,0,0,0,0,2,0,0,0,0,0,0,0,0,0,0,0,0,0,0,0,0,0,0,0,0
2011,Fribourg,10,perm,0,284668,287066,3029,3251,3222,3209,3188,3220,3180,3247,3285,3207,3349,3523,3409,3552,3546,3586,3604,3578,3616,3786,3861,3929,3800,3821,3635,3778,3733,3809,3735,3778,3820,3772,3737,3655,3822,3819,3805,4080,4213,4362,4392,4484,4661,4772,4776,4859,4951,4910,4769,4487,4497,4289,3990,3970,3833,3647,3506,3384,3128,3266,3113,3106,2912,3043,2951,2984,2784,2631,2529,2387,2163,1891,1863,1755,1643,1641,1523,1489,1425,1326,1211,1150,1077,1008,970,877,713,685,585,515,422,325,238,180,143,93,63,57,34,16,25
2011,Fribourg,10,nonperm,1,2398,287066,96,18,11,12,15,10,10,7,9,9,7,12,13,10,11,16,24,22,38,50,75,168,156,159,136,85,93,79,77,66,69,63,73,48,47,51,50,38,39,39,49,26,36,28,23,26,21,31,17,10,7,18,22,12,17,9,8,5,5,3,2,2,1,2,2,1,0,2,1,0,0,0,0,0,0,0,0,0,0,0,0,0,0,0,0,0,0,0,0,0,0,1,0,0,0,0,0,0,0,0,0
2011,Solothurn,11,perm,0,256990,258733,2325,2349,2334,2287,2319,2188,2375,2363,2393,2415,2465,2579,2653,2671,2811,2845,2836,2893,3075,3071,3245,3320,3305,3386,3152,3241,3250,3392,3212,3219,3174,3094,3071,3038,2952,2969,3008,3079,3114,3508,3598,3796,3928,4221,4209,4356,4402,4582,4456,4404,4277,4237,4068,4037,3801,3949,3536,3590,3387,3255,3217,3181,3143,3170,2931,2922,2878,2749,2611,2506,2369,2091,2070,1940,1960,1893,1858,1823,1790,1676,1621,1500,1409,1244,1099,1080,1014,819,690,637,522,453,277,226,157,132,85,65,34,39,44
2011,Solothurn,11,nonperm,1,1743,258733,34,15,14,15,12,6,9,13,9,8,8,7,4,6,4,3,8,11,32,16,33,63,66,71,84,85,59,75,65,69,66,52,52,43,39,35,26,32,26,33,25,35,27,24,25,29,20,30,22,25,17,16,16,14,22,14,14,12,6,13,4,5,8,1,4,4,1,0,0,0,0,0,0,1,0,0,0,0,0,0,0,0,1,0,0,0,0,0,0,0,0,0,0,0,0,0,0,0,0,0,0
2011,BaselStadt,12,perm,0,186255,189365,1760,1828,1679,1595,1564,1494,1478,1455,1450,1413,1351,1466,1450,1474,1410,1554,1481,1615,1582,1724,1826,1924,2055,2186,2257,2515,2719,2951,3082,3133,3188,3123,2993,2895,2885,2819,2726,2724,2534,2537,2570,2601,2710,2766,2743,3011,3003,3004,2889,2854,2738,2876,2612,2562,2537,2506,2344,2322,2269,2259,2079,2209,2133,2104,2049,1981,1920,1890,1931,1875,1757,1632,1637,1511,1606,1507,1601,1488,1370,1473,1421,1416,1357,1250,1174,1049,960,877,765,676,607,497,320,254,192,159,139,117,83,46,72
2011,BaselStadt,12,nonperm,1,3110,189365,40,28,18,20,18,7,12,10,5,5,8,4,6,4,3,8,8,10,30,37,33,63,74,103,138,163,158,164,148,143,133,126,117,125,93,85,64,63,63,56,52,55,50,42,43,55,34,41,41,37,23,28,27,28,36,9,14,20,12,14,11,7,13,5,3,4,1,1,3,2,0,3,1,0,0,0,0,0,1,0,0,0,1,0,0,0,0,0,0,0,0,0,0,0,0,0,0,0,0,0,0
2011,BaselLand,13,perm,0,275360,277014,2431,2504,2583,2547,2565,2515,2528,2526,2470,2552,2636,2762,2811,2823,2858,2992,2920,2963,3017,3061,3098,3114,3050,3069,3070,3110,3077,3090,3003,3292,3023,3212,3165,3211,3240,3221,3360,3534,3594,3811,3924,4119,4446,4547,4609,4604,4700,4883,4638,4541,4370,4334,4240,4035,3988,3909,3742,3523,3535,3611,3409,3560,3617,3537,3555,3504,3327,3298,3044,3184,2930,2699,2637,2547,2325,2413,2218,2278,2002,1978,1821,1698,1611,1506,1281,1186,1049,962,761,674,572,437,262,216,166,110,94,75,46,20,45
2011,BaselLand,13,nonperm,1,1654,277014,63,20,11,15,7,13,9,11,8,12,7,9,9,6,11,11,18,15,31,22,35,33,50,59,64,66,71,47,49,44,45,52,46,35,40,38,34,38,20,28,25,24,31,29,23,18,26,18,24,21,14,17,18,18,26,19,15,7,11,8,5,9,5,6,3,5,4,3,3,3,2,3,1,1,1,0,0,0,0,1,0,0,1,1,0,1,1,0,1,0,0,0,0,0,0,0,0,0,0,0,0
2011,Schaffhausen,14,perm,0,77139,77999,684,653,689,678,709,653,716,636,702,697,684,733,781,753,828,825,832,870,875,921,937,955,1020,1047,1022,941,1010,970,948,1009,1018,934,957,924,944,922,872,901,910,910,1003,1006,1185,1126,1147,1247,1257,1312,1337,1235,1320,1224,1258,1120,1121,1170,1053,1038,983,1000,963,1009,928,941,943,934,887,857,747,777,842,739,703,652,617,629,573,591,544,541,513,550,466,416,368,361,326,300,266,226,185,138,114,86,63,36,34,23,17,7,15
2011,Schaffhausen,14,nonperm,1,860,77999,15,9,6,7,3,3,4,4,1,5,2,4,4,5,1,1,5,5,18,12,18,23,20,32,30,20,20,21,20,21,25,19,23,23,19,13,12,16,15,15,17,17,16,19,25,17,16,17,15,20,13,11,14,17,9,18,10,19,2,7,4,6,8,4,4,3,1,2,0,1,2,1,1,2,0,1,1,0,0,0,0,0,0,0,0,1,0,0,0,0,0,0,0,0,0,0,0,0,0,0,0
2011,AppenzellAus,15,perm,0,53313,53566,526,515,480,492,478,499,497,470,474,494,531,576,579,628,671,655,666,663,721,730,755,698,673,706,661,614,615,639,597,633,608,577,563,593,614,623,602,625,645,687,710,733,787,839,862,879,929,913,900,953,862,893,869,833,818,741,719,727,771,723,625,683,661,649,610,604,614,554,545,494,468,452,436,407,355,374,372,341,317,329,314,311,273,264,256,212,225,199,167,140,132,114,76,59,46,32,24,21,12,6,6
2011,AppenzellAus,15,nonperm,1,253,53566,2,1,2,1,0,2,2,1,1,1,1,0,0,0,0,0,2,2,6,2,7,4,12,11,13,13,10,6,14,12,9,13,8,8,3,2,8,6,6,7,4,4,7,6,5,4,2,0,2,2,7,1,1,1,1,1,0,2,2,1,0,1,1,0,0,0,0,0,0,0,0,0,0,0,0,0,0,0,0,0,0,0,0,0,0,0,0,0,0,0,0,0,0,0,0,0,0,0,0,0,0
2011,AppenzellIn,16,perm,0,15743,15794,176,167,165,165,170,153,142,156,158,186,172,186,185,201,223,224,215,229,232,244,237,233,230,228,191,227,200,224,211,197,192,186,194,183,172,166,190,190,210,205,226,215,236,213,205,245,255,264,261,247,229,241,240,208,178,182,199,184,198,148,180,177,172,179,166,155,148,119,144,135,123,126,132,131,104,115,137,93,115,115,106,103,85,68,72,62,54,61,37,28,33,17,11,20,7,11,3,3,3,1,3
2011,AppenzellIn,16,nonperm,1,51,15794,0,0,0,0,0,0,0,0,0,0,0,0,0,0,0,0,1,1,3,0,5,1,6,2,3,3,2,3,4,1,0,0,1,0,3,1,0,0,0,2,0,0,2,1,3,0,1,0,0,0,0,1,0,0,0,0,1,0,0,0,0,0,0,0,0,0,0,0,0,0,0,0,0,0,0,0,0,0,0,0,0,0,0,0,0,0,0,0,0,0,0,0,0,0,0,0,0,0,0,0,0
2011,StGallen,17,perm,0,483156,486380,4954,4959,4965,4856,4715,4675,4618,4805,4872,4897,4894,5365,5296,5516,5506,5696,5741,5967,6099,6532,6781,6837,6810,6920,6920,6897,6895,6834,6749,6788,6563,6626,6367,6176,6108,6049,5934,6052,6209,6253,6882,6978,7374,7482,7502,7933,7891,8120,7859,7814,7559,7139,6909,6815,6689,6617,6153,6083,5709,5721,5439,5552,5352,5454,5265,5113,4997,4805,4743,4459,4121,3899,3754,3623,3353,3235,3164,3080,2707,2765,2542,2366,2158,2014,1849,1742,1658,1414,1253,1000,887,668,487,345,290,234,130,112,82,53,67
2011,StGallen,17,nonperm,1,3224,486380,40,11,12,10,15,11,7,3,10,6,11,7,7,6,7,9,18,14,57,60,111,120,128,140,139,184,137,142,111,143,122,99,90,87,63,65,67,57,52,60,70,60,60,54,51,59,43,43,41,43,28,40,21,30,29,16,17,20,17,10,8,10,4,0,3,1,2,1,0,1,1,0,2,0,0,0,0,1,0,0,0,0,0,0,0,0,0,0,0,0,0,0,0,0,0,0,0,0,0,0,0
2011,Graubuenden,18,perm,0,193388,201796,1705,1643,1609,1651,1635,1571,1583,1725,1711,1706,1793,1958,1942,2005,1971,2092,2080,2076,2225,2448,2430,2453,2525,2605,2459,2484,2561,2515,2575,2498,2494,2540,2422,2314,2309,2406,2371,2502,2510,2573,2864,2924,3005,3096,3127,3180,3068,3245,3230,3168,3135,3021,3001,2854,2902,2700,2673,2573,2571,2581,2476,2474,2473,2465,2395,2313,2180,2185,2161,1933,1809,1745,1631,1615,1519,1449,1400,1315,1309,1228,1116,1140,974,946,845,833,673,648,559,437,376,331,239,191,119,100,60,54,30,22,27
2011,Graubuenden,18,nonperm,1,8408,201796,47,14,15,15,10,4,9,5,7,3,10,10,11,6,5,5,11,7,80,186,281,368,433,457,449,487,430,422,399,351,302,282,250,223,218,191,152,144,156,121,131,118,135,122,138,118,117,108,110,133,93,74,69,55,45,39,47,34,29,28,18,15,17,9,3,6,6,4,1,2,2,3,0,1,0,0,0,0,1,0,1,0,0,0,0,0,0,0,0,0,0,0,0,0,0,0,0,0,0,0,0
2011,Aargau,19,perm,0,618298,623186,6040,6504,6208,6374,6016,6141,6174,6232,6123,6079,6015,6394,6411,6612,6807,6986,6833,6937,7084,7547,7524,7703,7673,7796,7792,8006,8071,8430,8335,8532,8571,8416,8186,8011,8056,8100,8058,8235,8205,8821,9290,9520,9799,10335,10467,10786,10761,11103,10642,10347,10163,9871,9430,9273,9173,8772,8628,8228,7911,7795,7241,7420,7161,7173,6833,6832,6442,6349,6180,5674,5211,4743,4544,4400,4084,3996,3878,3767,3472,3403,3152,3006,2760,2499,2246,2008,1811,1563,1353,1121,984,718,559,376,339,195,161,116,78,50,68
2011,Aargau,19,nonperm,1,4888,623186,148,43,32,19,19,23,12,24,21,15,17,20,9,15,13,18,29,33,53,44,80,112,138,146,187,199,217,181,149,156,173,137,120,121,101,99,110,76,107,100,96,94,97,88,85,90,94,100,64,71,82,68,59,56,57,54,48,44,42,31,38,22,19,19,9,13,2,5,3,0,2,2,2,2,2,1,0,0,5,2,0,1,0,0,0,0,1,0,1,1,0,0,0,0,0,0,0,0,0,0,0
2011,Thurgau,20,perm,0,251973,254325,2366,2532,2485,2442,2522,2445,2438,2553,2451,2537,2504,2825,2790,2862,2965,3015,3064,3257,3295,3312,3459,3492,3430,3530,3357,3292,3324,3201,3281,3189,3208,3147,3065,3065,2906,2996,2959,3146,3280,3312,3621,3769,3889,4255,4356,4459,4447,4538,4551,4427,4171,4052,4039,3852,3648,3678,3549,3301,3256,3073,2835,2968,2923,2815,2722,2667,2508,2425,2377,2177,1984,1941,1866,1703,1632,1666,1615,1478,1384,1299,1243,1237,1176,1048,923,876,838,668,650,492,395,346,244,164,120,106,83,58,39,21,31
2011,Thurgau,20,nonperm,1,2352,254325,23,8,20,5,11,10,7,9,11,8,4,6,3,2,6,4,9,14,35,53,71,95,116,132,128,122,120,104,111,69,88,68,54,61,62,50,55,37,53,37,37,39,35,29,37,26,28,33,26,32,17,17,17,13,13,12,12,11,14,6,4,2,1,2,3,1,1,1,0,0,1,0,0,0,1,0,0,0,0,0,0,0,0,0,0,0,0,0,0,0,0,0,0,0,0,0,0,0,0,0,0
2011,Ticino,21,perm,0,336943,339279,2787,2962,2926,3143,2984,3009,3053,3023,3015,3186,3041,3338,3254,3335,3359,3331,3282,3392,3353,3659,3546,3547,3563,3549,3514,3544,3522,3659,3666,3706,3813,3894,4074,4050,4211,4394,4496,4828,4967,5073,5327,5457,5683,5695,5602,6038,6079,6038,5714,5348,5264,4994,4952,4565,4546,4500,4377,4309,4189,4109,4115,4182,4230,4288,4195,4359,4019,4050,3868,3747,3676,3645,3383,3250,3054,2885,3034,2666,2608,2313,2235,2107,1940,1739,1689,1540,1395,1248,1093,1013,866,669,475,366,286,238,188,163,98,83,111
2011,Ticino,21,nonperm,1,2336,339279,143,36,27,24,19,17,17,16,18,10,12,10,8,7,9,5,8,9,32,23,36,48,66,76,74,76,96,81,69,80,49,59,49,50,44,41,34,50,36,35,42,30,44,42,31,34,37,36,34,31,32,29,30,32,22,28,14,24,15,13,12,13,13,7,13,16,4,9,8,4,1,7,3,4,7,4,1,3,3,0,2,0,0,0,0,1,2,0,0,0,0,0,0,0,0,0,0,0,0,0,0
2011,Vaud,22,perm,0,725944,734604,7458,8133,8174,7801,8059,7863,7865,7779,7652,7708,8064,8280,8222,8183,8328,8596,8534,8647,9095,9703,9972,9641,9421,9515,9267,9281,9249,9462,9571,9935,9993,10375,10129,10272,10464,10248,10583,10913,10873,11361,11232,11186,11158,11296,11480,11816,11904,11875,11781,11184,10530,10438,10214,9899,9586,8874,8592,8291,8019,7873,7795,7782,7732,7882,7936,7692,7234,7169,6802,6434,5633,5132,4951,4814,4592,4426,4356,4223,3956,3867,3704,3759,3336,3064,2762,2661,2528,2254,1932,1713,1498,1198,825,597,521,402,274,194,159,96,162
2011,Vaud,22,nonperm,1,8660,734604,329,101,80,79,71,96,79,68,63,50,74,53,62,52,71,92,103,109,172,220,197,287,334,364,342,379,352,345,269,305,269,256,259,196,216,180,170,168,137,139,111,113,92,118,106,107,88,72,57,71,65,43,50,51,45,31,23,34,22,29,22,12,12,8,14,8,5,7,4,3,5,4,5,6,5,2,1,4,3,2,4,2,0,1,1,0,1,1,0,1,0,0,1,0,0,0,0,0,0,0,0
2011,Valais,23,perm,0,317022,324843,3029,3182,2992,3060,2965,3099,3105,2961,2978,3045,3275,3320,3309,3406,3489,3598,3600,3657,3851,4228,4228,4388,4241,4310,4118,4162,4118,4185,4000,4118,4229,4159,3971,3955,3981,3975,3990,4125,4289,4505,4560,4631,4675,4897,4970,5094,5294,5358,5389,5011,4973,4863,4764,4490,4316,4174,4131,3982,3806,3790,3781,3887,3837,3976,3912,3828,3573,3533,3477,3134,2945,2604,2577,2475,2356,2265,2270,2171,1988,1970,1767,1691,1551,1429,1184,1123,997,908,756,642,557,416,309,206,160,140,91,61,44,29,38
2011,Valais,23,nonperm,1,7821,324843,94,37,51,44,34,35,29,22,12,22,14,21,23,26,19,20,14,23,91,158,211,285,336,414,427,369,355,338,315,321,279,268,238,210,196,146,153,157,134,113,135,129,132,99,130,127,98,100,102,86,91,70,57,78,65,43,43,40,37,27,16,14,15,9,6,3,5,1,0,0,1,2,2,0,0,0,0,0,1,1,0,0,0,0,0,1,1,0,0,0,0,0,0,0,0,0,0,0,0,0,0
2011,Neuchatel,24,perm,0,173183,174373,1741,1767,1841,1756,1755,1852,1860,1841,1813,1884,1868,1963,1937,1959,1978,1974,2044,2057,2160,2242,2187,2283,2186,2232,2109,2089,2194,2115,2063,2101,2178,2233,2181,2251,2255,2223,2359,2409,2494,2581,2675,2574,2619,2664,2778,2731,2778,2869,2618,2557,2414,2455,2465,2280,2269,2241,2136,2054,2004,1995,1921,1900,1942,1966,2006,2041,1839,1744,1790,1690,1507,1345,1310,1227,1228,1249,1251,1205,1126,1144,1095,1010,932,928,785,784,678,611,575,518,454,350,242,160,114,104,60,63,37,18,43
2011,Neuchatel,24,nonperm,1,1190,174373,28,14,11,11,13,9,4,5,5,12,7,11,10,9,7,8,11,52,41,24,29,36,51,65,44,46,35,32,39,45,32,41,40,26,24,19,28,16,24,18,19,13,21,8,10,8,14,11,9,9,15,7,8,9,6,3,4,5,5,3,4,2,2,0,1,1,1,1,2,0,1,1,1,1,0,0,0,0,0,0,1,0,0,0,1,1,0,0,0,0,0,0,0,0,0,0,0,0,0,0,0
2011,Geneve,25,perm,0,460534,464364,4635,5036,4858,4922,4925,4847,4898,4938,4543,4812,4851,5068,4968,4881,4994,5240,5109,5241,5331,5477,5745,5494,5631,5637,5559,5972,6055,6385,6482,6736,7000,6952,7020,6992,7270,7246,7114,7399,7234,7334,7135,7225,6981,7262,7366,7577,7643,7816,7334,7016,6681,6545,6482,6087,5908,5660,5521,5261,5115,4966,4691,4899,4705,4894,4830,4692,4466,4551,4226,4149,3736,3487,3340,3255,3110,2964,2941,2738,2655,2584,2359,2405,2154,1961,1834,1582,1516,1358,1211,1018,946,758,548,371,330,224,187,149,105,67,126
2011,Geneve,25,nonperm,1,3830,464364,52,27,36,33,34,16,20,21,17,15,17,12,9,13,9,12,15,10,34,29,64,74,115,138,183,180,206,178,201,177,150,149,147,120,114,107,102,103,86,70,52,53,53,47,31,49,45,47,37,33,24,25,29,23,13,17,16,16,13,16,11,10,11,9,8,9,8,3,5,6,1,2,1,3,4,0,0,0,0,0,3,0,1,1,0,0,0,0,0,0,0,0,0,0,0,0,0,0,0,0,0
2011,Jura,26,perm,0,70542,70897,626,679,720,678,648,736,761,742,728,803,848,854,877,896,894,878,922,901,891,977,947,900,894,886,826,850,775,810,756,784,790,798,767,763,789,778,805,872,961,918,974,983,1009,1068,1069,1040,1106,1092,1071,1157,1019,1052,1062,964,971,978,934,966,871,923,877,888,929,890,854,839,808,739,755,663,638,570,629,562,526,562,502,478,502,477,450,425,372,407,361,303,279,240,218,162,138,141,87,82,39,32,31,20,15,6,9
2011,Jura,26,nonperm,1,355,70897,38,1,6,2,2,3,4,1,1,0,1,0,3,0,0,2,2,1,9,4,6,12,11,23,33,17,14,8,14,8,7,8,11,5,9,6,5,7,8,3,1,7,7,6,2,4,6,2,2,3,3,0,2,3,2,2,1,1,0,1,1,0,0,0,2,0,0,1,1,0,0,0,0,0,0,0,0,0,0,0,0,0,0,0,0,0,0,0,0,0,0,0,0,0,0,0,0,0,0,0,0
2012,Schweiz,0,perm,0,8039060,8123721,79621,81185,82560,80900,80183,78980,78127,78023,78084,76848,77822,78325,83094,82755,84096,85495,87907,87563,89657,92082,96534,98524,99704,100170,103156,101935,105164,106727,109218,109214,112363,112525,113602,110891,109780,110002,109624,109325,112234,112901,116465,120731,122677,126236,129382,130637,133681,134307,136470,132614,127630,123354,120128,116616,112270,109541,106284,102053,98813,95429,94346,90368,92331,90285,90894,88611,87718,83488,81881,78467,74421,69140,63236,61088,58471,55399,54606,53102,50688,47639,45802,42904,41091,37419,34228,30813,28261,25201,21912,18815,15717,13411,10399,7026,5125,3891,2825,1962,1500,952,1409
2012,Schweiz,0,nonperm,1,84661,8123721,1865,552,467,483,477,456,437,386,392,365,334,271,314,295,315,338,492,637,1270,1370,1946,2448,3179,3484,3899,3722,3616,3523,3303,2998,2955,2652,2650,2220,2125,2002,1778,1708,1637,1476,1413,1305,1290,1318,1254,1253,1166,1128,1077,987,982,833,746,687,625,611,472,446,383,339,269,212,169,173,101,85,74,53,49,43,41,31,28,21,31,18,19,8,15,14,10,10,1,8,4,3,7,4,4,2,1,0,1,0,0,0,0,0,0,0,0
2012,Zuerich,1,perm,0,1408575,1421453,15324,15350,15272,14820,14392,14034,13657,13466,13353,13015,13069,12706,13382,13206,13287,13283,13540,13413,13411,13807,14400,14885,15509,16225,17111,18196,19616,20499,21692,21975,23082,23445,24111,23348,23012,22477,22348,21867,21946,21679,21621,22581,22862,23126,23413,23711,23686,23545,23599,22872,21684,20902,20024,19244,18410,18027,17572,16829,16287,15643,15820,14918,15249,14736,14732,14519,14408,13974,13745,13223,12596,11870,10718,10348,9912,9189,9314,8980,8591,7874,7521,7204,6947,6349,5713,5253,4735,4177,3570,3085,2649,2174,1732,1100,823,613,448,309,236,160,213
2012,Zuerich,1,nonperm,1,12878,1421453,207,88,76,74,73,69,73,56,69,58,44,35,44,39,29,50,69,80,165,157,264,320,459,514,583,593,606,581,583,519,484,467,403,352,356,313,262,238,284,233,219,204,178,215,176,184,152,178,165,155,152,113,117,100,101,85,52,62,47,41,43,26,28,22,19,9,8,10,6,6,5,6,2,2,7,3,1,1,1,2,1,0,0,3,1,0,1,0,0,0,0,0,0,0,0,0,0,0,0,0,0
2012,Bern,2,perm,0,992617,1001379,9371,9413,9587,9416,9374,9123,8916,9037,9023,8846,8921,9048,9632,9715,9842,10110,10500,10631,10809,10927,11470,11732,11823,11963,12508,11976,12313,12414,12705,12823,13099,13214,13137,12791,12638,12741,12635,12473,12952,13046,13647,14229,14675,15181,15605,15720,15840,16008,16290,16264,15628,15380,14963,14641,14394,13913,13917,13308,12890,12733,12460,12087,12485,12228,12522,12229,12198,11469,11184,10481,10174,9188,8149,8038,7687,7449,7449,7147,6908,6682,6410,6078,5680,5322,4943,4496,4206,3656,3196,2787,2335,2029,1568,1076,784,612,443,302,225,143,192
2012,Bern,2,nonperm,1,8762,1001379,229,71,49,46,52,52,55,47,46,44,49,26,31,24,37,35,45,52,108,138,154,237,315,377,396,391,414,374,318,300,290,308,288,243,218,212,194,175,174,152,151,133,130,108,142,139,120,121,107,107,107,84,64,63,56,69,42,42,36,32,27,20,18,22,7,9,4,4,4,0,4,3,2,2,4,1,2,2,1,0,3,0,0,1,1,0,0,0,2,0,0,0,0,0,0,0,0,0,0,0,0
2012,Luzern,3,perm,0,386082,389004,3999,4025,4063,3986,4016,3887,3901,3727,3767,3651,3807,3717,3994,4261,4181,4389,4657,4564,4593,4836,5078,5146,5370,5280,5569,5454,5483,5447,5553,5457,5594,5264,5378,5142,5222,5171,5063,5121,4958,5125,5501,5650,5682,6055,6146,6239,6355,6369,6667,6436,6152,5927,5790,5573,5404,5329,5028,4802,4640,4348,4386,4084,4211,4121,4086,3762,3739,3656,3584,3438,3191,3096,2998,2814,2715,2638,2635,2572,2364,2388,2200,2041,1902,1742,1584,1406,1250,1099,927,797,666,572,424,287,220,177,110,78,56,34,43
2012,Luzern,3,nonperm,1,2922,389004,92,12,16,18,15,17,15,14,8,18,8,9,13,8,8,12,32,30,51,47,55,79,109,116,123,128,112,103,119,95,116,86,69,75,86,76,61,62,50,59,37,58,49,41,58,41,47,34,47,40,38,40,24,25,19,17,11,12,13,5,7,10,7,4,1,1,0,2,1,3,1,0,0,1,0,1,0,1,0,0,0,3,0,0,0,0,0,0,1,0,0,0,0,0,0,0,0,0,0,0,0
2012,Uri,4,perm,0,35693,36135,360,331,365,362,345,336,354,346,359,346,368,355,405,389,417,400,417,414,416,427,459,437,495,450,431,470,475,448,455,388,434,414,451,430,413,434,425,421,471,480,473,485,524,540,540,523,574,564,584,532,553,512,536,542,532,482,527,474,479,448,487,452,430,419,419,396,389,413,388,362,361,312,314,263,302,254,230,268,221,230,240,197,205,181,151,144,160,126,124,114,84,80,39,35,26,24,14,9,4,4,5
2012,Uri,4,nonperm,1,442,36135,5,3,0,0,1,1,2,1,2,0,2,1,0,1,0,1,0,1,3,6,8,8,11,8,24,16,12,20,12,17,16,11,16,13,8,8,8,13,9,15,19,13,7,8,13,6,8,8,9,6,8,8,7,6,8,4,2,2,3,4,2,3,1,2,1,0,1,0,0,0,0,0,0,0,0,0,0,0,0,0,0,0,0,0,0,0,0,0,0,0,0,0,0,0,0,0,0,0,0,0,0
2012,Schwyz,5,perm,0,149830,151336,1584,1468,1493,1488,1536,1457,1447,1465,1450,1450,1480,1428,1629,1598,1604,1696,1699,1751,1736,1764,1783,1825,1820,1780,1810,1786,1894,1927,1850,1853,1944,1933,1967,2071,1976,1984,1983,2009,2095,2175,2252,2390,2387,2548,2488,2736,2708,2809,2800,2648,2630,2529,2375,2318,2302,2238,1990,1974,1931,1891,1740,1717,1799,1697,1692,1591,1601,1483,1396,1413,1233,1229,1077,1034,982,945,945,895,910,816,801,685,676,590,552,474,399,360,346,240,231,181,157,92,59,49,36,30,17,7,21
2012,Schwyz,5,nonperm,1,1506,151336,8,8,6,7,5,5,8,2,2,2,4,0,5,1,2,0,4,10,18,18,36,33,48,48,65,71,57,55,50,54,56,55,55,33,39,37,47,38,32,31,33,32,31,34,35,33,27,24,25,23,20,15,10,19,18,9,11,11,7,3,7,2,2,3,2,3,3,2,0,3,1,0,1,0,0,0,0,0,2,0,0,0,0,0,0,0,0,0,0,0,0,0,0,0,0,0,0,0,0,0,0
2012,Obwalden,6,perm,0,36115,36538,380,377,369,380,370,386,353,334,373,336,347,351,407,408,419,410,421,442,409,450,471,497,450,508,473,461,468,484,438,441,467,469,497,431,432,450,473,458,433,457,532,533,545,572,607,597,631,620,604,606,616,579,593,529,539,548,492,496,474,441,406,454,430,443,397,380,390,402,336,325,291,290,247,287,261,239,176,176,217,228,201,179,162,160,144,135,102,90,84,86,60,55,39,30,22,17,15,9,9,2,5
2012,Obwalden,6,nonperm,1,423,36538,4,0,1,1,1,2,1,1,0,2,2,0,1,0,1,0,1,0,5,3,9,11,23,14,22,24,24,18,20,16,17,7,16,13,10,11,8,9,14,5,4,8,8,9,7,7,3,11,3,7,5,5,6,6,2,2,1,0,7,1,0,1,1,0,0,0,0,0,0,1,0,0,1,0,0,0,0,0,0,0,0,0,0,0,0,0,0,0,0,0,0,0,0,0,0,0,0,0,0,0,0
2012,Nidwalden,7,perm,0,41584,41886,370,381,387,351,380,367,392,381,365,392,386,359,416,394,426,436,431,436,493,500,524,514,540,487,528,485,498,546,487,535,446,554,506,494,501,525,513,525,569,515,566,603,605,642,707,729,757,763,779,696,738,683,704,695,662,635,627,568,578,586,536,507,555,549,545,563,485,458,499,444,426,375,347,305,287,269,298,262,217,237,203,196,196,161,169,139,160,110,85,85,61,54,45,28,21,15,13,6,5,2,8
2012,Nidwalden,7,nonperm,1,302,41886,2,0,0,0,0,0,1,0,0,0,2,0,0,1,0,1,1,5,7,8,3,6,12,12,14,10,11,6,10,7,11,11,9,9,12,9,9,6,7,4,9,5,5,7,8,7,8,2,3,6,5,4,2,5,8,3,1,3,0,2,1,2,0,0,0,0,0,0,0,0,0,0,0,0,0,0,0,0,0,0,0,0,0,0,0,0,0,0,0,0,0,0,0,0,0,0,0,0,0,0,0
2012,Glarus,8,perm,0,39369,40043,361,348,347,348,361,379,370,362,334,382,358,372,385,380,442,435,458,431,510,464,510,524,492,538,576,556,522,528,551,593,518,554,519,482,475,445,436,496,459,486,511,512,531,538,586,574,600,679,664,662,663,607,620,615,621,570,553,555,552,496,525,494,472,505,462,412,428,401,413,376,366,363,294,310,299,271,313,257,256,251,259,240,221,200,162,163,159,153,131,94,72,65,55,34,31,23,20,8,6,3,6
2012,Glarus,8,nonperm,1,674,40043,2,3,1,1,0,2,2,2,0,1,0,6,1,2,3,0,3,8,10,6,8,21,16,18,15,17,32,31,20,14,16,9,21,15,25,24,25,16,8,11,17,15,16,18,21,15,11,18,17,13,15,5,8,12,10,8,8,10,7,5,4,2,1,0,0,0,1,0,0,1,0,0,1,0,0,0,0,0,0,0,0,0,0,0,0,0,0,0,0,0,0,0,0,0,0,0,0,0,0,0,0
2012,Zug,9,perm,0,116575,118075,1191,1203,1245,1185,1170,1204,1215,1152,1155,1216,1090,1178,1254,1138,1186,1243,1248,1237,1239,1179,1221,1263,1256,1288,1305,1347,1469,1439,1459,1497,1623,1583,1670,1644,1613,1640,1755,1671,1794,1826,1826,1990,1901,2118,2122,2020,2208,2138,2183,2142,1950,1923,1932,1828,1679,1618,1495,1497,1480,1401,1388,1280,1294,1287,1229,1280,1205,1184,1182,1056,998,1051,902,861,807,722,748,707,672,607,526,526,504,439,412,347,311,279,239,206,135,112,100,62,48,46,28,21,13,10,9
2012,Zug,9,nonperm,1,1500,118075,22,5,7,6,6,5,4,2,4,6,1,2,1,2,1,5,7,9,15,16,16,14,18,28,44,52,43,41,47,32,38,45,41,45,45,25,47,48,37,40,39,23,30,48,34,46,35,30,32,36,34,37,25,15,28,23,19,18,11,12,7,9,7,4,5,2,2,3,1,6,0,0,2,2,1,0,1,0,0,0,0,0,0,0,0,0,1,0,0,0,0,0,0,0,0,0,0,0,0,0,0
2012,Fribourg,10,perm,0,291395,293900,3005,3263,3372,3332,3297,3298,3290,3280,3298,3366,3268,3413,3589,3469,3616,3611,3631,3663,3610,3708,3996,4035,4005,3877,3925,3786,3880,3854,3944,3908,3910,3952,3940,3887,3769,3936,3987,3995,4221,4340,4463,4477,4575,4762,4835,4838,4927,5012,4955,4798,4520,4518,4293,4015,3973,3850,3659,3504,3393,3127,3249,3103,3093,2894,3029,2940,2967,2749,2623,2514,2360,2156,1856,1839,1727,1607,1600,1490,1454,1381,1279,1181,1106,1017,952,901,818,659,620,507,448,354,264,200,146,101,64,38,45,21,23
2012,Fribourg,10,nonperm,1,2505,293900,128,20,10,15,9,16,14,15,8,9,11,8,12,12,6,13,20,30,53,49,59,120,175,154,133,120,107,89,71,60,74,48,59,55,57,57,52,39,50,34,40,35,35,32,27,37,41,25,21,21,16,13,13,7,11,10,8,10,4,2,3,2,1,3,3,2,3,0,2,1,1,0,1,0,0,1,0,0,0,0,1,1,0,0,0,0,0,0,0,0,0,0,1,0,0,0,0,0,0,0,0
2012,Solothurn,11,perm,0,259283,261051,2362,2427,2414,2399,2341,2355,2248,2411,2406,2426,2441,2500,2610,2682,2695,2833,2856,2848,2918,3102,3100,3265,3356,3321,3440,3205,3289,3293,3385,3276,3280,3237,3194,3167,3130,3050,3006,3101,3167,3195,3550,3627,3842,3961,4227,4227,4370,4419,4577,4482,4410,4267,4236,4105,4012,3793,3925,3527,3566,3371,3227,3186,3150,3096,3132,2915,2893,2851,2725,2565,2471,2330,2049,2029,1914,1916,1843,1816,1766,1726,1603,1558,1417,1323,1172,1021,990,915,726,607,536,441,366,202,189,129,106,53,43,17,44
2012,Solothurn,11,nonperm,1,1768,261051,41,14,9,11,12,7,12,8,9,3,4,7,5,4,5,6,12,12,32,32,48,66,72,59,86,92,71,63,48,67,61,49,50,61,50,38,35,39,31,23,27,17,25,29,24,19,33,12,21,18,20,15,19,17,11,14,15,14,11,19,12,6,3,4,2,2,1,1,1,0,1,1,0,0,0,0,0,0,0,0,0,0,0,0,0,0,0,0,0,0,0,0,0,0,0,0,0,0,0,0,0
2012,BaselStadt,12,perm,0,187425,190740,1845,1793,1794,1677,1585,1535,1480,1488,1462,1448,1399,1354,1473,1446,1494,1423,1571,1495,1634,1628,1797,1929,2072,2189,2379,2458,2741,2889,3136,3174,3252,3234,3156,2956,2912,2914,2843,2721,2695,2520,2528,2547,2627,2727,2758,2747,2992,2987,3015,2889,2842,2720,2867,2604,2523,2498,2467,2320,2299,2237,2225,2060,2175,2068,2063,1991,1936,1878,1846,1880,1827,1737,1598,1595,1479,1581,1471,1565,1432,1314,1422,1353,1334,1271,1183,1092,962,861,797,674,588,523,412,265,197,143,117,105,84,56,80
2012,BaselStadt,12,nonperm,1,3315,190740,54,22,28,20,19,17,10,16,16,12,7,12,11,14,12,14,8,18,36,30,45,59,87,117,127,120,151,163,152,143,133,126,148,123,90,88,71,69,58,60,64,44,49,48,49,39,50,50,37,47,49,34,28,27,27,38,23,20,10,14,11,14,6,11,4,2,3,3,1,1,0,0,1,0,1,0,2,0,1,0,0,0,0,1,0,0,0,0,0,0,0,0,0,0,0,0,0,0,0,0,0
2012,BaselLand,13,perm,0,276537,277907,2449,2518,2557,2608,2573,2590,2555,2559,2555,2486,2577,2661,2774,2827,2849,2861,3013,2947,2971,3033,3072,3093,3090,3051,3062,3080,3054,3054,3118,3059,3311,3061,3286,3221,3296,3266,3260,3381,3589,3649,3835,3971,4141,4476,4586,4628,4612,4709,4895,4653,4564,4380,4321,4223,4027,3990,3889,3724,3490,3504,3579,3367,3511,3582,3492,3500,3474,3291,3258,3005,3139,2879,2662,2589,2499,2278,2350,2158,2214,1941,1921,1743,1612,1514,1413,1189,1082,950,836,679,571,471,367,220,177,128,78,70,50,30,34
2012,BaselLand,13,nonperm,1,1370,277907,53,8,7,9,9,8,2,5,6,6,6,4,12,2,8,8,16,15,24,17,26,29,45,42,56,54,49,53,48,51,35,42,39,23,26,40,21,35,17,25,20,15,20,19,20,29,21,19,23,20,17,13,22,14,7,15,14,13,10,8,8,2,3,9,4,2,3,2,4,3,3,4,1,0,0,1,0,0,0,0,0,0,0,0,0,0,0,1,0,0,0,0,0,0,0,0,0,0,0,0,0
2012,Schaffhausen,14,perm,0,77955,78688,704,704,700,714,695,723,667,722,653,696,711,690,742,798,763,837,830,835,869,892,920,960,965,1066,1055,1040,932,1024,968,988,1031,1039,948,973,976,965,949,893,933,919,929,1024,1036,1203,1131,1154,1257,1262,1315,1341,1250,1325,1229,1259,1116,1124,1162,1051,1031,968,1000,960,1004,925,937,920,916,888,852,741,774,838,722,698,639,611,622,552,570,529,522,498,526,441,387,352,338,301,269,217,191,156,112,94,66,44,22,21,17,13,14
2012,Schaffhausen,14,nonperm,1,733,78688,17,4,2,5,4,2,4,2,1,3,1,4,0,2,4,2,5,4,11,11,20,22,26,26,27,22,18,24,29,20,20,19,15,11,19,13,10,8,11,7,13,10,10,14,10,20,12,15,12,12,20,14,13,13,15,11,14,6,14,4,4,4,2,4,2,3,2,1,2,0,0,0,0,0,1,0,0,1,0,0,0,0,0,0,0,0,0,0,0,0,0,0,0,0,0,0,0,0,0,0,0
2012,AppenzellAus,15,perm,0,53438,53724,523,524,531,494,504,491,504,500,477,484,500,527,581,581,632,671,650,667,664,717,728,746,683,666,660,630,586,611,638,608,653,618,590,587,604,614,616,613,630,655,705,717,751,786,846,858,888,930,927,915,956,868,882,868,834,811,737,719,722,770,710,625,674,654,648,600,589,602,547,539,484,463,442,424,397,347,362,364,328,312,320,299,291,254,245,235,187,199,164,156,120,114,94,60,44,35,20,13,16,8,5
2012,AppenzellAus,15,nonperm,1,286,53724,4,0,0,1,0,2,0,2,1,1,0,0,1,1,1,0,3,1,9,5,10,6,14,13,13,14,11,20,16,10,8,8,13,8,9,5,4,6,2,4,6,4,3,3,4,4,4,5,4,3,2,5,1,2,1,2,2,0,0,3,0,0,0,0,1,1,0,0,0,0,0,0,0,0,0,0,0,0,0,0,0,0,0,0,0,0,0,0,0,0,0,0,0,0,0,0,0,0,0,0,0
2012,AppenzellIn,16,perm,0,15717,15794,166,172,171,159,171,169,148,142,155,156,184,172,185,185,200,222,222,216,229,230,244,229,228,229,225,194,217,202,215,208,191,186,174,197,180,177,166,191,190,204,203,226,217,239,214,203,242,258,263,260,241,227,243,241,209,180,186,198,182,196,149,174,175,168,175,165,151,149,118,144,131,124,128,131,129,104,114,134,90,111,114,98,101,81,66,68,54,52,52,34,24,26,13,7,14,4,7,2,3,2,2
2012,AppenzellIn,16,nonperm,1,77,15794,1,0,0,1,0,1,0,0,1,0,1,0,0,0,0,0,0,0,3,0,2,2,1,9,6,4,2,3,5,0,1,2,0,2,2,4,6,2,2,2,2,0,1,1,2,0,1,1,1,0,0,1,0,0,1,0,0,1,0,0,0,0,0,0,0,0,0,0,0,0,0,0,0,0,0,0,0,0,0,0,0,0,0,0,0,0,0,0,0,0,0,0,0,0,0,0,0,0,0,0,0
2012,StGallen,17,perm,0,487060,490739,4907,5031,4982,5000,4886,4741,4728,4651,4816,4893,4914,4929,5386,5313,5561,5536,5737,5776,6025,6213,6622,6844,6992,6911,7037,6955,6942,6962,6852,6787,6863,6616,6704,6405,6228,6182,6161,5999,6113,6270,6299,6936,7013,7448,7549,7565,8003,7903,8141,7911,7852,7546,7166,6897,6813,6673,6570,6127,6064,5690,5679,5408,5527,5300,5408,5200,5062,4941,4769,4681,4405,4079,3831,3693,3545,3286,3143,3078,3000,2614,2652,2405,2241,2040,1880,1704,1582,1494,1242,1085,873,733,533,385,269,215,164,84,66,50,78
2012,StGallen,17,nonperm,1,3679,490739,42,18,22,14,17,16,15,19,15,14,15,14,12,15,10,10,14,27,50,54,99,119,154,144,190,162,175,151,151,131,139,101,123,99,91,79,83,89,70,64,66,67,57,60,63,50,52,51,57,51,43,31,32,23,22,35,17,11,14,14,7,4,8,4,1,2,1,3,2,0,3,1,0,0,0,0,0,0,0,0,0,0,0,0,0,0,0,0,0,0,0,0,0,0,0,0,0,0,0,0,0
2012,Graubuenden,18,perm,0,193920,202172,1625,1720,1637,1598,1650,1639,1579,1591,1732,1712,1721,1818,1971,1960,2028,1983,2107,2082,2066,2245,2470,2460,2462,2550,2620,2486,2507,2582,2546,2605,2493,2468,2535,2406,2330,2362,2406,2359,2506,2529,2591,2854,2923,3015,3106,3142,3187,3062,3241,3239,3194,3131,3026,3011,2849,2894,2700,2647,2568,2580,2561,2459,2466,2468,2444,2379,2305,2156,2168,2135,1913,1786,1722,1603,1587,1501,1401,1355,1270,1271,1171,1060,1083,917,875,768,759,608,570,489,363,314,273,189,141,88,74,43,35,18,26
2012,Graubuenden,18,nonperm,1,8252,202172,47,15,17,13,21,18,14,9,14,15,6,7,7,4,11,5,14,27,84,153,247,299,361,430,472,424,409,403,374,310,311,283,263,207,201,197,174,181,143,156,128,130,124,115,130,142,124,121,87,101,123,85,74,76,56,41,37,41,29,33,27,17,17,15,6,4,6,5,4,3,3,0,0,0,1,0,0,0,0,1,0,0,0,0,0,0,0,0,0,0,0,0,0,0,0,0,0,0,0,0,0
2012,Aargau,19,perm,0,627340,631803,6358,6347,6661,6299,6485,6114,6199,6228,6305,6174,6130,6081,6448,6461,6659,6858,7040,6863,6962,7150,7591,7666,7841,7837,8015,7987,8248,8317,8606,8537,8824,8816,8702,8453,8167,8309,8319,8262,8454,8382,8970,9419,9648,9920,10443,10522,10885,10884,11198,10675,10385,10213,9918,9451,9276,9183,8755,8629,8179,7878,7746,7217,7362,7080,7115,6773,6774,6352,6290,6127,5628,5141,4692,4473,4332,4016,3915,3762,3655,3363,3272,3021,2841,2598,2333,2067,1838,1618,1382,1186,960,821,595,443,286,245,136,111,72,46,70
2012,Aargau,19,nonperm,1,4463,631803,69,15,15,15,30,18,20,17,19,19,22,8,14,19,20,14,37,46,80,60,66,90,150,166,223,175,158,174,166,130,143,144,136,98,116,88,104,107,99,79,81,77,84,69,75,75,62,82,82,53,55,55,53,51,41,46,39,48,35,33,20,20,15,14,9,3,8,1,1,0,1,1,1,0,1,0,0,0,0,1,0,2,0,0,0,0,0,0,0,0,0,0,0,0,0,0,0,0,0,0,0
2012,Thurgau,20,perm,0,256213,258644,2460,2488,2614,2562,2523,2584,2502,2467,2600,2468,2555,2520,2838,2814,2875,2978,3017,3081,3258,3318,3350,3524,3535,3478,3616,3417,3355,3416,3280,3382,3324,3350,3234,3205,3168,3019,3084,3041,3242,3363,3397,3698,3821,3930,4317,4424,4493,4541,4618,4598,4466,4220,4073,4068,3842,3648,3701,3542,3310,3249,3078,2830,2974,2916,2801,2714,2652,2487,2416,2359,2153,1957,1930,1836,1677,1602,1648,1582,1442,1346,1253,1192,1178,1106,981,858,793,764,599,543,411,335,280,198,131,87,76,58,44,27,38
2012,Thurgau,20,nonperm,1,2431,258644,16,7,11,8,4,15,12,14,7,10,11,4,7,8,7,10,16,17,52,53,95,89,113,115,132,115,102,114,100,81,89,81,80,52,66,45,48,40,30,38,43,39,41,32,41,38,31,28,25,24,28,21,20,14,14,20,11,9,12,12,2,1,3,0,3,2,0,0,0,0,0,1,0,1,1,0,0,0,0,0,0,0,0,0,0,0,0,0,0,0,0,0,0,0,0,0,0,0,0,0,0
2012,Ticino,21,perm,0,341652,343952,2662,3011,3053,3031,3226,3054,3083,3121,3080,3070,3241,3094,3367,3302,3387,3413,3356,3323,3519,3575,3745,3613,3669,3721,3637,3553,3634,3606,3761,3736,3807,3906,3942,4121,4146,4294,4465,4621,4931,5059,5160,5455,5569,5812,5791,5703,6107,6141,6101,5779,5398,5302,5015,4981,4604,4581,4531,4404,4315,4198,4096,4126,4183,4212,4264,4187,4344,4015,4028,3841,3714,3655,3607,3347,3216,3008,2849,2961,2608,2521,2259,2141,2020,1831,1631,1589,1426,1277,1144,989,861,742,553,391,303,222,180,136,120,64,109
2012,Ticino,21,nonperm,1,2300,343952,164,22,13,19,19,13,12,11,11,12,10,8,15,10,9,8,10,14,45,30,29,45,62,66,69,73,59,73,55,67,66,50,68,46,35,44,45,40,51,35,42,39,34,39,37,25,34,30,38,31,29,32,27,34,29,26,34,19,29,23,12,14,11,12,7,10,6,3,8,5,4,2,9,6,4,4,5,0,5,5,0,0,0,2,0,0,1,1,0,0,0,0,0,0,0,0,0,0,0,0,0
2012,Vaud,22,perm,0,734356,744090,7591,7840,8194,8222,7839,8079,7952,7924,7847,7712,7760,8147,8390,8294,8325,8431,8741,8687,9163,9399,9845,10010,9739,9603,9713,9452,9561,9624,9814,9770,10273,10203,10568,10348,10447,10586,10433,10695,10975,10951,11452,11362,11307,11268,11404,11540,11862,11917,11918,11776,11180,10542,10400,10172,9870,9504,8822,8513,8187,7961,7775,7693,7665,7626,7749,7786,7556,7140,7057,6719,6314,5542,5045,4873,4713,4497,4312,4247,4120,3825,3697,3547,3578,3156,2890,2569,2447,2314,2012,1702,1450,1268,1011,655,464,368,292,186,138,91,163
2012,Vaud,22,nonperm,1,9734,744090,433,113,96,104,100,98,83,71,92,62,68,65,72,69,87,101,113,125,215,257,289,325,377,409,405,363,340,323,337,321,285,255,288,231,226,217,173,168,158,154,144,127,130,130,95,107,89,82,81,55,59,69,55,60,43,52,27,31,25,19,21,18,13,15,11,13,13,5,7,5,5,7,2,3,6,4,7,3,2,5,4,3,1,1,1,2,4,1,1,2,1,0,0,0,0,0,0,0,0,0,0
2012,Valais,23,perm,0,321732,329897,3010,3166,3264,3066,3100,3038,3151,3156,3003,3016,3089,3324,3344,3364,3445,3525,3631,3633,3809,4001,4291,4306,4441,4253,4404,4175,4255,4228,4246,4113,4153,4318,4227,4039,4020,4079,4016,4055,4225,4362,4599,4639,4713,4758,4950,5050,5165,5312,5406,5419,5073,5000,4893,4789,4515,4382,4188,4138,3991,3819,3815,3790,3905,3856,3992,3914,3827,3546,3528,3447,3105,2904,2585,2537,2435,2315,2201,2198,2111,1937,1906,1705,1610,1444,1327,1085,1032,897,792,674,548,467,336,251,162,124,97,73,40,29,45
2012,Valais,23,nonperm,1,8165,329897,97,47,33,50,38,30,33,28,29,35,30,26,27,20,31,21,25,33,84,144,208,264,295,363,386,380,383,359,325,294,319,261,244,215,193,226,161,154,179,152,125,112,136,148,116,126,131,122,123,98,97,84,75,62,65,55,54,41,38,35,25,20,7,16,5,7,2,4,2,0,3,3,1,2,1,1,0,0,1,0,0,0,0,0,0,0,0,0,0,0,0,0,0,0,0,0,0,0,0,0,0
2012,Neuchatel,24,perm,0,174554,176147,1759,1779,1782,1849,1784,1778,1883,1878,1850,1836,1900,1888,1993,1943,1979,1991,1985,2068,2111,2228,2297,2249,2341,2231,2245,2118,2184,2239,2121,2105,2157,2201,2264,2213,2289,2310,2276,2402,2441,2507,2622,2697,2588,2634,2692,2785,2754,2776,2867,2622,2545,2399,2449,2450,2265,2266,2215,2126,2033,1989,1947,1905,1873,1931,1914,1971,2013,1811,1718,1757,1644,1482,1326,1283,1194,1200,1213,1219,1162,1087,1100,1053,953,879,851,722,723,610,556,503,450,378,277,192,129,87,73,36,41,23,40
2012,Neuchatel,24,nonperm,1,1593,176147,42,22,21,9,19,14,15,14,9,12,15,8,9,18,12,11,18,47,52,29,37,46,64,55,68,55,62,49,52,50,58,37,44,35,39,42,27,32,33,24,23,21,23,26,15,19,12,18,15,10,9,16,14,10,6,8,8,4,7,3,5,3,3,1,1,1,0,0,0,0,1,0,1,1,1,0,0,0,1,0,0,0,0,0,0,1,0,1,0,0,0,0,0,0,0,0,0,0,0,0,0
2012,Geneve,25,perm,0,463101,467208,4619,4830,5021,4819,4895,4954,4811,4868,4917,4532,4793,4840,5041,4948,4875,5015,5268,5134,5338,5392,5573,5830,5633,5784,5933,5836,6204,6323,6593,6639,6846,7102,7095,7119,7057,7259,7210,7138,7356,7248,7310,7123,7207,6956,7252,7337,7522,7584,7763,7323,6980,6623,6515,6438,6039,5826,5594,5449,5210,5035,4851,4599,4788,4597,4765,4681,4577,4381,4471,4157,4066,3660,3427,3267,3186,3043,2904,2866,2651,2558,2494,2274,2304,2048,1831,1694,1469,1388,1234,1088,893,833,635,461,305,263,167,142,99,81,129
2012,Geneve,25,nonperm,1,4107,467208,49,26,24,27,21,25,23,22,21,18,12,17,12,16,10,10,16,23,46,39,106,126,151,162,204,223,189,213,179,195,158,136,150,146,98,96,94,84,82,64,55,65,53,56,48,38,52,37,41,46,29,29,31,23,24,16,20,12,13,12,13,12,11,8,6,7,7,4,3,5,4,2,2,1,2,2,1,0,1,0,1,1,0,0,1,0,0,0,0,0,0,0,0,0,0,0,0,0,0,0,0
2012,Jura,26,perm,0,70942,71416,636,676,685,735,685,665,742,767,749,739,813,853,858,879,909,905,881,926,895,897,977,942,897,884,879,832,837,771,805,757,788,788,807,761,779,813,796,817,889,959,923,986,987,1021,1067,1065,1056,1115,1100,1076,1160,1031,1065,1059,960,978,982,932,962,870,911,873,881,927,882,843,839,811,740,738,657,633,568,611,550,511,550,491,459,490,456,430,403,355,381,342,279,244,215,188,137,113,119,69,68,32,25,19,16,11,7
2012,Jura,26,nonperm,1,474,71416,37,9,3,9,2,3,7,8,2,3,3,0,2,3,1,1,3,3,12,8,7,12,21,19,16,24,19,20,16,14,11,11,12,10,8,8,9,10,6,5,6,12,11,9,4,7,6,4,1,4,2,5,6,3,2,2,2,6,1,0,1,0,1,0,1,0,0,0,0,0,1,0,0,0,0,0,0,0,0,0,0,0,0,0,0,0,0,0,0,0,0,0,0,0,0,0,0,0,0,0,0
2013,Schweiz,0,perm,0,8139631,8222327,81409,82850,82237,83341,81773,81171,79780,78984,78901,78905,77662,78703,79077,83964,83520,84875,86352,88800,89465,91742,94008,98418,100642,102501,103392,106548,105524,108816,110034,112285,112042,115092,114941,115860,112799,111703,111964,111412,110841,113651,114358,117821,121986,123891,127255,130255,131632,134445,134937,136985,133055,127962,123655,120293,116508,112091,109377,105887,101491,98302,94687,93599,89583,91526,89319,89561,87569,86856,82537,80903,77452,73399,68140,62135,59946,57332,54226,53247,51575,49148,45947,43899,40870,38788,35049,31793,28158,25623,22494,19271,16203,13235,11080,8253,5439,3878,2844,2040,1348,1014,1495
2013,Schweiz,0,nonperm,1,82696,8222327,856,577,451,453,369,406,355,320,280,255,262,251,241,261,282,288,422,550,1104,1282,1815,2410,2882,3431,3477,3726,3741,3395,3309,3172,2916,2741,2512,2388,2062,2033,1876,1777,1607,1521,1464,1428,1285,1288,1269,1261,1153,1183,1052,1102,980,936,820,715,646,617,522,433,428,344,305,256,198,173,126,100,99,75,48,41,40,42,24,28,23,25,14,17,10,7,9,6,5,5,5,9,3,6,5,3,2,3,0,0,0,0,0,0,0,0,2
2013,Zuerich,1,perm,0,1425538,1438755,15621,15569,15281,15202,14811,14444,14084,13734,13534,13427,13084,13145,12739,13487,13262,13352,13373,13628,13565,13764,14127,14785,15528,16348,17269,18289,19573,20823,21555,22736,22788,23598,23870,24502,23571,23206,22627,22526,21993,22022,21728,21730,22594,22888,23158,23417,23680,23705,23540,23577,22834,21575,20852,19900,19137,18302,17898,17371,16680,16137,15435,15592,14681,14991,14459,14389,14262,14184,13757,13545,13013,12384,11651,10517,10138,9703,8987,9098,8711,8300,7607,7197,6865,6566,5961,5272,4786,4253,3711,3125,2645,2215,1785,1378,853,623,447,310,207,155,235
2013,Zuerich,1,nonperm,1,13217,1438755,157,100,65,66,63,67,55,44,35,33,28,31,25,21,21,28,56,76,134,166,259,327,404,563,542,630,639,578,559,574,536,476,444,410,360,344,308,294,285,251,231,258,214,213,206,203,182,171,165,175,144,124,123,109,86,96,70,64,60,41,34,35,26,31,19,14,19,8,7,6,3,10,1,3,2,5,0,2,0,1,0,2,0,0,0,0,0,0,0,0,0,0,0,0,0,0,0,0,0,0,0
2013,Bern,2,perm,0,1001281,1008449,9421,9752,9549,9654,9477,9469,9229,8993,9132,9105,8953,9024,9115,9739,9775,9898,10202,10589,10687,10847,11023,11634,11962,12098,12298,12795,12323,12728,12802,13056,13139,13378,13544,13356,13073,12866,12916,12846,12590,13088,13143,13772,14329,14811,15280,15731,15825,15924,16057,16345,16309,15671,15452,14981,14634,14357,13904,13855,13252,12826,12658,12372,12016,12390,12117,12364,12117,12095,11340,11055,10341,10043,9093,8021,7894,7527,7297,7268,6904,6677,6448,6155,5769,5321,4971,4577,4089,3810,3251,2808,2355,1955,1658,1203,829,583,442,307,217,157,204
2013,Bern,2,nonperm,1,7168,1008449,100,61,49,38,37,45,35,29,25,32,27,33,19,19,14,29,30,43,120,102,156,206,242,280,274,327,302,281,291,252,239,217,232,224,174,191,181,140,153,136,133,128,101,101,106,114,90,118,90,98,83,86,76,50,54,55,50,37,48,26,25,18,18,15,12,14,9,5,1,3,2,1,0,3,2,1,2,1,0,1,0,0,1,1,1,2,0,1,0,0,0,0,0,0,0,0,0,0,0,0,0
2013,Luzern,3,perm,0,390349,393592,4045,4114,4069,4097,4016,4051,3916,3927,3745,3788,3669,3814,3731,3991,4282,4211,4443,4717,4686,4705,4933,5166,5255,5484,5427,5681,5632,5596,5538,5622,5606,5742,5296,5419,5219,5303,5259,5100,5168,4994,5181,5561,5709,5717,6101,6157,6263,6352,6404,6688,6444,6160,5936,5790,5565,5380,5322,5022,4776,4613,4328,4354,4041,4193,4078,4040,3721,3721,3615,3533,3404,3157,3050,2948,2763,2650,2579,2575,2490,2292,2280,2106,1937,1775,1622,1479,1290,1118,997,807,709,550,473,343,213,175,128,83,44,36,54
2013,Luzern,3,nonperm,1,3243,393592,27,14,11,17,8,20,9,11,11,11,9,9,10,9,9,13,22,30,51,58,59,104,116,124,117,122,134,125,115,141,96,115,92,80,81,80,82,74,59,62,66,68,54,47,58,72,47,46,56,59,42,39,36,28,31,35,17,14,18,16,8,7,7,10,4,4,1,1,4,0,2,2,1,1,1,1,0,0,1,0,1,0,0,1,0,0,0,0,0,0,0,0,0,0,0,0,0,0,0,0,0
2013,Uri,4,perm,0,35865,36380,327,366,338,363,367,347,338,359,352,364,346,370,357,408,390,413,404,418,416,422,428,461,448,494,463,430,469,488,441,460,387,424,416,449,421,421,439,429,428,476,484,493,488,524,545,552,522,578,567,581,544,554,520,540,543,531,485,529,475,471,446,485,446,434,415,412,387,383,410,380,359,355,311,306,255,295,252,221,262,214,222,228,188,193,166,139,127,148,110,106,93,72,65,32,25,19,18,8,5,3,7
2013,Uri,4,nonperm,1,515,36380,6,2,2,0,2,0,1,0,1,0,0,0,3,1,0,0,0,1,6,3,6,11,16,17,17,21,18,20,16,15,18,13,8,17,15,11,14,8,9,10,15,17,16,7,12,11,15,12,9,14,8,12,14,7,8,6,6,6,4,3,2,1,1,1,0,0,0,0,0,0,0,0,0,0,0,0,0,0,0,0,0,0,0,0,0,0,0,0,0,0,0,0,0,0,0,0,0,0,0,0,0
2013,Schwyz,5,perm,0,151396,152883,1524,1615,1443,1505,1493,1546,1456,1451,1475,1467,1460,1481,1436,1636,1598,1616,1698,1699,1762,1747,1770,1815,1843,1862,1842,1850,1840,1927,1980,1863,1895,2003,2007,2008,2097,1999,2006,2037,2041,2139,2193,2280,2390,2368,2535,2510,2746,2720,2792,2821,2662,2641,2535,2400,2340,2296,2235,2000,1974,1929,1877,1748,1713,1776,1675,1669,1577,1587,1469,1382,1401,1217,1216,1060,1006,951,917,921,875,890,782,761,641,631,551,512,437,359,326,292,207,180,143,129,73,43,32,25,20,9,17
2013,Schwyz,5,nonperm,1,1487,152883,7,4,4,8,5,6,3,4,5,1,2,3,3,0,5,4,4,8,14,18,18,29,38,45,77,82,66,45,62,58,45,35,39,48,46,37,45,41,49,31,21,19,45,31,39,21,32,21,18,25,19,21,21,20,15,13,7,11,12,6,6,4,3,2,1,1,2,1,0,1,1,2,0,0,1,0,0,1,0,0,0,0,0,0,0,0,0,0,0,0,0,0,0,0,0,0,0,0,0,0,0
2013,Obwalden,6,perm,0,36507,36913,344,394,386,371,383,376,389,358,334,377,338,353,354,407,407,416,414,417,443,413,449,479,502,468,515,485,459,470,504,447,439,466,472,504,445,447,454,465,476,444,465,538,541,540,573,617,602,638,626,607,612,622,580,596,528,533,550,494,496,477,433,403,452,436,442,395,381,401,394,331,325,287,287,246,285,258,234,176,171,214,222,193,170,152,153,128,120,92,79,74,72,42,47,31,26,16,11,10,5,7,7
2013,Obwalden,6,nonperm,1,406,36913,0,1,0,1,0,0,0,1,3,1,1,0,2,2,1,1,1,3,1,9,9,12,14,18,13,16,24,17,20,22,9,5,12,17,10,13,7,4,8,13,9,5,9,5,11,8,3,7,9,5,8,2,5,5,5,4,4,2,2,5,2,0,0,0,0,0,0,0,0,0,0,0,0,0,0,0,0,0,0,0,0,0,0,0,0,0,0,0,0,0,0,0,0,0,0,0,0,0,0,0,0
2013,Nidwalden,7,perm,0,41888,42250,387,376,383,385,357,391,364,395,383,371,400,390,358,419,398,429,433,428,436,493,503,521,532,539,489,526,472,500,537,491,531,460,552,529,504,510,535,523,527,572,521,575,596,613,649,715,735,754,768,777,709,744,679,713,702,666,632,630,561,577,583,532,503,547,543,547,561,480,461,492,434,418,372,340,295,279,260,287,260,210,234,192,189,187,152,158,125,144,97,73,76,54,51,36,23,18,8,9,5,2,6
2013,Nidwalden,7,nonperm,1,362,42250,4,5,0,0,3,0,0,0,0,2,1,0,1,0,1,0,1,1,7,4,5,3,10,14,15,9,15,21,11,12,11,11,9,17,11,8,7,8,8,7,10,9,8,10,6,4,8,7,3,6,9,5,10,3,6,3,2,3,1,1,2,1,2,0,0,0,0,0,1,0,0,0,0,0,0,0,0,0,0,0,0,0,0,0,0,0,0,0,0,0,0,0,0,0,0,0,0,0,0,0,0
2013,Glarus,8,perm,0,39593,40160,390,361,356,345,340,368,387,373,359,336,386,363,377,389,383,447,434,461,435,509,468,504,520,495,546,556,548,532,514,568,590,515,540,536,478,484,472,449,497,462,497,513,522,538,545,593,583,611,681,663,672,680,610,606,613,619,570,551,548,552,493,519,493,467,501,461,409,426,400,409,368,361,356,287,307,295,267,305,246,248,242,249,229,213,180,143,146,144,141,118,80,59,58,41,21,25,17,13,5,5,6
2013,Glarus,8,nonperm,1,567,40160,1,1,2,2,0,1,1,0,1,2,1,0,2,1,0,3,2,2,12,10,17,9,19,18,21,22,14,18,17,21,18,15,14,12,11,18,17,11,16,12,8,15,15,19,18,15,9,10,10,13,8,9,4,7,4,7,6,3,8,5,4,3,1,0,0,0,0,1,0,0,0,0,0,1,0,0,0,0,0,0,0,0,0,0,0,0,0,0,0,0,0,0,0,0,0,0,0,0,0,0,0
2013,Zug,9,perm,0,118118,119714,1247,1207,1193,1243,1203,1176,1211,1238,1149,1184,1234,1113,1195,1275,1169,1179,1250,1247,1230,1256,1195,1254,1275,1298,1330,1359,1369,1545,1472,1546,1565,1673,1662,1729,1669,1655,1681,1787,1686,1811,1834,1866,2012,1958,2124,2117,2049,2207,2147,2174,2130,1957,1923,1913,1813,1668,1606,1485,1497,1476,1390,1352,1265,1286,1265,1203,1259,1192,1172,1153,1040,986,1025,884,854,788,714,715,694,644,572,500,501,477,413,380,317,286,247,203,179,114,86,83,47,33,33,21,12,6,11
2013,Zug,9,nonperm,1,1596,119714,6,5,3,2,2,4,3,2,5,3,1,0,5,1,1,2,8,8,16,13,15,21,16,33,33,45,41,58,53,52,41,42,49,54,39,49,39,45,37,40,37,37,28,30,39,45,43,41,36,39,38,29,40,25,24,22,23,19,15,16,13,14,8,7,6,4,3,7,2,3,6,0,0,2,1,1,0,0,0,0,1,0,0,0,0,0,0,0,0,0,0,0,0,0,0,0,0,0,0,0,0
2013,Fribourg,10,perm,0,297622,299677,3151,3209,3401,3466,3447,3369,3372,3372,3337,3358,3435,3331,3451,3634,3532,3650,3649,3668,3702,3726,3904,4122,4094,4149,3969,4029,3854,3997,4005,4017,4024,4038,4040,4064,4037,3926,4075,4114,4094,4331,4448,4564,4589,4674,4830,4915,4892,4993,5054,5020,4843,4554,4534,4302,4015,3999,3855,3660,3487,3382,3103,3221,3078,3088,2897,2999,2909,2936,2717,2606,2486,2329,2143,1823,1800,1694,1577,1548,1462,1407,1316,1237,1133,1021,962,881,817,735,594,555,444,378,299,207,154,112,68,48,25,35,25
2013,Fribourg,10,nonperm,1,2055,299677,30,17,14,10,9,11,12,11,8,7,16,8,3,6,14,9,26,21,40,27,76,101,99,105,106,86,70,75,62,67,61,59,42,61,48,54,38,56,41,36,30,43,39,33,26,34,31,25,20,21,17,19,12,8,9,7,10,6,4,2,3,4,1,1,0,2,3,2,0,0,1,0,0,0,0,0,0,0,0,0,0,0,0,0,0,0,0,0,0,0,0,0,0,0,0,0,0,0,0,0,0
2013,Solothurn,11,perm,0,261437,263455,2340,2484,2460,2455,2441,2384,2357,2269,2419,2410,2433,2456,2516,2620,2715,2717,2845,2859,2857,2956,3142,3132,3279,3415,3380,3502,3233,3298,3363,3441,3324,3348,3291,3227,3233,3187,3128,3102,3149,3209,3227,3593,3661,3877,3981,4242,4276,4396,4446,4607,4492,4424,4279,4247,4104,4031,3791,3909,3504,3557,3352,3223,3184,3139,3066,3106,2897,2866,2828,2702,2549,2436,2298,2006,2001,1874,1870,1792,1768,1718,1666,1529,1478,1322,1247,1081,921,879,812,635,517,450,372,284,151,134,90,73,33,31,37
2013,Solothurn,11,nonperm,1,2018,263455,30,12,10,6,14,3,8,8,6,5,6,4,8,2,7,5,12,17,29,30,46,54,68,86,65,67,72,64,72,65,86,68,73,49,55,65,38,38,31,43,38,25,35,30,32,35,35,32,29,36,29,25,29,24,25,27,15,11,11,21,12,11,7,6,2,4,2,0,1,0,0,1,0,0,0,0,0,0,0,0,0,0,0,0,0,0,0,0,0,0,1,0,0,0,0,0,0,0,0,0,0
2013,BaselStadt,12,perm,0,189335,192746,1868,1890,1782,1806,1644,1573,1526,1474,1490,1458,1459,1389,1381,1493,1462,1524,1449,1579,1519,1671,1695,1905,2069,2223,2359,2602,2712,2992,3047,3236,3249,3319,3315,3182,2978,2894,2932,2858,2700,2729,2570,2554,2573,2640,2742,2759,2766,2988,2994,3029,2871,2832,2722,2854,2575,2510,2504,2444,2297,2276,2196,2214,2030,2116,2037,2009,1967,1895,1854,1817,1850,1796,1689,1580,1558,1445,1561,1425,1507,1376,1265,1366,1287,1255,1190,1104,999,885,769,717,585,507,437,333,213,147,113,93,75,54,86
2013,BaselStadt,12,nonperm,1,3411,192746,26,29,28,29,10,24,11,14,15,8,8,7,12,9,13,12,15,10,21,26,50,63,90,122,123,155,148,168,164,145,145,125,128,123,112,86,89,89,70,64,79,63,48,55,43,48,38,53,34,36,46,40,27,31,26,27,25,11,13,15,11,11,9,8,4,2,3,4,2,2,3,2,0,2,0,2,0,1,0,0,0,0,0,0,0,1,0,0,0,0,0,0,0,0,0,0,0,0,0,0,0
2013,BaselLand,13,perm,0,278656,280043,2375,2579,2574,2602,2668,2642,2650,2576,2611,2601,2512,2624,2679,2797,2838,2862,2871,3037,2964,2982,3029,3058,3088,3103,3089,3074,3085,3123,3090,3186,3134,3372,3173,3390,3285,3379,3336,3317,3486,3616,3696,3869,4009,4181,4509,4605,4676,4646,4753,4883,4691,4561,4380,4327,4199,4029,3990,3876,3690,3473,3496,3544,3347,3506,3542,3456,3462,3433,3247,3222,2966,3101,2840,2604,2546,2464,2213,2297,2104,2168,1862,1864,1669,1506,1402,1323,1081,985,843,723,581,474,392,300,162,137,100,60,55,36,43
2013,BaselLand,13,nonperm,1,1387,280043,28,12,10,12,9,4,4,6,5,1,5,5,2,8,6,6,16,17,13,23,20,37,31,54,34,51,35,37,51,35,41,44,32,41,33,37,30,24,38,32,36,26,19,26,24,24,25,25,21,24,26,24,20,19,10,17,12,8,8,8,7,10,2,3,5,1,7,2,4,0,3,3,2,0,2,0,2,0,1,1,0,0,0,0,0,0,0,0,1,0,0,0,0,0,0,0,0,0,0,0,0
2013,Schaffhausen,14,perm,0,78783,79519,747,732,728,700,738,717,734,665,725,661,709,720,699,757,802,770,834,832,849,895,899,939,975,976,1054,1069,1078,939,1036,992,992,1051,1048,959,974,987,1001,973,916,959,949,947,1044,1047,1221,1156,1164,1277,1269,1339,1358,1257,1326,1235,1242,1126,1124,1148,1052,1034,960,990,965,995,926,927,916,906,880,842,737,768,828,710,682,620,598,606,536,551,509,499,476,504,423,364,330,307,267,238,183,162,126,94,68,53,28,18,14,11,20
2013,Schaffhausen,14,nonperm,1,736,79519,7,7,1,11,2,3,7,2,4,0,1,1,0,1,2,3,4,6,9,10,12,13,15,21,19,21,33,23,16,18,19,19,16,22,20,19,13,13,12,11,11,14,7,16,15,13,17,17,21,16,11,23,13,9,11,16,6,12,9,11,4,3,3,3,5,1,3,2,1,1,0,0,2,0,0,1,0,1,1,0,0,0,0,0,0,0,0,0,1,0,0,0,0,0,0,0,0,0,0,0,0
2013,AppenzellAus,15,perm,0,53691,53910,497,531,522,537,511,518,496,510,497,477,483,507,527,592,581,634,665,656,676,670,688,714,714,699,686,655,634,577,636,648,627,660,664,609,600,636,643,620,640,634,668,710,721,759,796,844,860,907,948,911,918,950,855,883,863,833,809,740,709,711,752,703,624,664,640,631,594,586,586,544,526,469,453,438,407,386,344,350,350,321,297,298,287,276,236,231,212,169,171,146,136,93,93,69,46,37,23,13,7,11,6
2013,AppenzellAus,15,nonperm,1,219,53910,1,1,2,1,1,1,1,2,0,1,1,0,0,0,0,0,1,0,11,5,7,5,4,7,9,11,10,10,15,5,8,11,6,5,1,7,3,6,3,3,7,4,4,1,6,3,2,1,5,2,3,1,2,3,2,0,1,0,2,1,1,0,1,0,0,0,0,1,0,0,0,0,0,0,0,1,0,0,0,0,0,0,0,0,0,0,0,0,0,0,0,0,0,0,0,0,0,0,0,0,0
2013,AppenzellIn,16,perm,0,15778,15844,177,166,171,166,160,169,166,148,143,157,155,185,175,186,190,205,222,230,215,225,227,239,228,227,234,226,198,207,192,209,196,192,187,167,195,182,173,168,188,201,203,209,231,224,237,218,205,238,256,269,257,242,228,249,239,206,180,185,201,182,193,147,174,175,170,177,162,148,149,118,138,131,122,124,130,123,104,118,129,92,108,112,96,97,75,65,56,46,45,43,26,17,21,10,4,12,4,5,2,2,2
2013,AppenzellIn,16,nonperm,1,66,15844,0,0,0,0,0,1,0,0,0,0,0,0,0,0,1,0,0,1,3,2,3,5,1,3,3,2,5,4,1,3,1,1,0,3,0,2,2,2,1,1,0,1,2,0,1,0,1,1,5,0,1,1,0,0,0,1,1,0,0,0,0,0,0,0,0,0,0,0,0,0,0,0,0,0,0,0,0,0,0,0,0,0,0,0,0,0,0,0,0,0,0,0,0,0,0,0,0,0,0,0,0
2013,StGallen,17,perm,0,491699,495200,5093,5021,5085,5058,5016,4908,4788,4738,4711,4874,4935,4966,4969,5426,5350,5604,5576,5757,5845,6104,6324,6724,6948,7138,7046,7149,6976,6963,6992,6938,6846,6883,6688,6768,6428,6306,6283,6261,6075,6166,6340,6350,7004,7086,7515,7605,7634,8038,7944,8170,7912,7887,7565,7192,6883,6773,6637,6537,6085,6016,5684,5627,5348,5487,5275,5342,5163,5020,4910,4735,4622,4363,4021,3751,3613,3485,3222,3082,2979,2909,2523,2513,2280,2112,1896,1754,1563,1446,1330,1090,937,739,593,428,284,209,164,121,59,42,79
2013,StGallen,17,nonperm,1,3501,495200,26,17,16,15,12,11,9,9,17,7,13,6,6,6,10,7,12,20,60,44,104,111,130,137,174,192,189,133,126,132,127,118,103,92,87,75,82,95,78,62,63,48,63,65,44,60,57,58,39,44,44,33,30,34,23,19,26,13,15,12,10,1,4,11,1,3,3,0,1,0,1,1,1,3,1,0,0,0,0,0,0,0,0,0,0,0,0,0,0,0,0,0,0,0,0,0,0,0,0,0,0
2013,Graubuenden,18,perm,0,194959,203585,1756,1661,1716,1639,1620,1697,1661,1602,1604,1752,1742,1733,1832,1981,1965,2047,1984,2115,2078,2079,2267,2505,2477,2486,2582,2645,2492,2560,2593,2522,2597,2469,2515,2521,2415,2370,2356,2427,2385,2508,2575,2585,2871,2954,3046,3111,3161,3220,3083,3246,3239,3201,3152,3017,3011,2849,2911,2690,2642,2554,2552,2541,2442,2467,2460,2421,2363,2292,2152,2157,2103,1891,1763,1696,1562,1552,1466,1369,1316,1230,1223,1118,1017,1027,855,811,703,685,538,504,411,296,255,209,142,95,66,60,34,17,24
2013,Graubuenden,18,nonperm,1,8626,203585,38,21,15,16,5,17,8,6,6,10,7,7,15,10,17,17,23,30,61,193,240,320,389,412,450,462,469,406,423,370,320,317,263,253,207,202,185,184,138,137,131,138,126,113,120,134,112,109,107,100,108,110,76,67,76,50,41,51,33,29,33,33,18,12,7,4,2,3,3,3,0,2,2,1,1,0,0,1,0,0,1,0,0,0,0,0,0,0,0,0,0,0,0,0,0,0,0,0,0,0,0
2013,Aargau,19,perm,0,636362,641089,6449,6610,6497,6736,6392,6575,6182,6316,6326,6370,6259,6205,6139,6525,6520,6691,6903,7096,6919,7008,7250,7762,7800,8037,8056,8281,8218,8476,8481,8813,8756,9098,9051,8925,8640,8394,8529,8509,8436,8623,8543,9133,9584,9751,10021,10562,10680,10933,10966,11253,10728,10441,10220,9951,9449,9281,9163,8751,8612,8141,7839,7690,7159,7269,7002,7006,6674,6725,6281,6212,6044,5547,5063,4598,4368,4266,3914,3813,3655,3554,3228,3138,2874,2687,2421,2139,1883,1669,1449,1213,1021,799,665,454,334,208,189,97,85,46,68
2013,Aargau,19,nonperm,1,4727,641089,36,29,16,20,20,16,19,19,14,12,18,5,10,10,12,18,31,31,63,55,71,133,143,163,181,190,191,164,160,143,150,152,142,119,109,124,110,100,98,103,112,91,94,92,87,82,75,86,79,83,63,71,73,67,60,37,37,37,41,29,28,24,19,18,10,5,8,7,2,2,0,1,2,0,2,2,0,0,0,0,1,0,0,0,0,0,0,0,0,0,0,0,0,0,0,0,0,0,0,0,0
2013,Thurgau,20,perm,0,260278,262655,2533,2570,2598,2695,2622,2580,2661,2539,2525,2628,2514,2609,2558,2857,2834,2906,3000,3040,3055,3290,3371,3367,3521,3601,3517,3646,3434,3462,3507,3379,3453,3443,3453,3356,3327,3250,3175,3180,3133,3293,3443,3492,3765,3922,3979,4397,4489,4518,4556,4663,4617,4482,4254,4091,4065,3841,3671,3719,3541,3321,3245,3072,2824,2958,2893,2760,2677,2635,2483,2387,2338,2124,1931,1903,1806,1644,1572,1620,1528,1401,1303,1193,1141,1097,1031,914,793,720,678,532,461,341,275,208,163,100,65,45,35,32,42
2013,Thurgau,20,nonperm,1,2377,262655,16,8,11,10,6,16,11,7,7,10,5,10,8,10,6,6,13,21,35,55,78,93,85,100,111,112,132,114,105,105,82,88,74,64,52,51,42,48,40,30,30,39,40,36,36,27,37,34,29,21,32,26,16,16,16,10,10,12,7,5,6,1,1,2,1,3,1,3,0,0,0,0,0,0,1,0,1,0,1,0,0,0,0,0,0,0,0,0,0,0,0,0,0,0,0,0,0,0,0,0,0
2013,Ticino,21,perm,0,346539,348971,2829,2890,3082,3144,3134,3296,3125,3152,3163,3130,3120,3299,3152,3444,3362,3426,3457,3390,3368,3701,3704,3792,3699,3737,3779,3685,3641,3713,3697,3835,3830,3938,3943,4065,4195,4249,4402,4564,4743,5038,5160,5283,5589,5692,5909,5868,5791,6176,6186,6187,5843,5486,5341,5066,5039,4652,4602,4567,4403,4323,4182,4089,4122,4187,4193,4261,4175,4333,3992,4012,3796,3675,3617,3567,3294,3173,2948,2774,2887,2538,2439,2180,2043,1925,1738,1532,1463,1305,1145,1026,857,759,619,460,326,233,168,128,99,87,116
2013,Ticino,21,nonperm,1,2432,348971,41,31,12,15,15,13,15,14,9,7,11,14,14,10,15,7,8,13,47,33,36,40,72,88,68,87,75,73,77,67,68,64,75,47,50,52,48,52,48,47,40,37,46,42,49,38,37,44,37,33,33,37,31,36,25,30,30,18,24,19,21,15,14,9,20,12,13,7,4,6,5,4,6,6,4,2,3,4,0,1,3,0,0,0,2,2,0,1,1,0,1,2,0,0,0,0,0,0,0,0,0
2013,Vaud,22,perm,0,749373,758614,7993,8156,8004,8284,8331,7992,8179,8084,8057,7962,7800,7897,8287,8494,8449,8505,8668,8968,9533,9640,9632,10086,10263,10055,9851,10075,9893,10017,10102,10203,10136,10690,10491,10949,10647,10699,10942,10625,10922,11210,11211,11599,11544,11483,11391,11482,11691,11980,12019,12000,11848,11233,10600,10459,10203,9873,9491,8779,8431,8154,7876,7707,7628,7600,7514,7615,7684,7466,7056,6951,6643,6214,5457,4970,4810,4625,4408,4190,4162,4005,3692,3549,3381,3419,2979,2708,2361,2246,2072,1777,1506,1242,1064,824,509,349,269,223,124,96,160
2013,Vaud,22,nonperm,1,9241,758614,158,115,101,90,92,77,88,80,63,64,47,60,50,86,82,82,90,90,187,206,217,265,362,411,403,405,375,357,326,342,315,271,237,231,212,204,194,167,143,153,139,137,122,115,111,105,86,100,69,82,70,61,53,44,48,41,49,31,37,30,21,19,21,15,10,11,10,14,9,9,6,7,4,4,3,7,2,5,6,3,2,3,2,3,2,3,3,4,1,1,0,1,0,0,0,0,0,0,0,0,2
2013,Valais,23,perm,0,327011,335691,3127,3156,3226,3321,3121,3154,3081,3198,3218,3073,3055,3146,3371,3399,3384,3501,3553,3707,3878,4075,4196,4420,4405,4527,4299,4496,4244,4354,4315,4314,4175,4255,4388,4280,4081,4076,4159,4107,4113,4305,4458,4658,4709,4787,4841,4984,5125,5239,5359,5421,5463,5120,5031,4941,4814,4521,4414,4211,4156,3998,3811,3850,3806,3914,3886,3994,3901,3818,3499,3511,3401,3080,2874,2543,2508,2387,2270,2149,2139,2039,1880,1821,1627,1520,1330,1239,993,924,795,692,574,454,396,270,194,119,91,76,52,28,53
2013,Valais,23,nonperm,1,8680,335691,62,38,40,40,33,38,31,21,20,17,29,24,28,32,21,19,21,33,87,119,188,263,359,401,417,407,468,378,362,349,299,321,283,255,219,189,203,192,174,162,149,134,100,133,133,113,135,126,108,120,90,105,85,76,60,64,56,50,39,30,35,27,16,15,10,10,6,3,3,0,3,0,2,0,0,1,0,0,0,0,0,1,0,0,0,0,0,0,0,0,0,0,0,0,0,0,0,0,0,0,0
2013,Neuchatel,24,perm,0,176402,177833,1702,1813,1808,1811,1875,1813,1782,1893,1903,1866,1866,1916,1903,2010,1971,2004,2021,2011,2129,2186,2288,2330,2277,2356,2283,2317,2170,2254,2268,2167,2205,2239,2259,2312,2249,2339,2352,2335,2454,2485,2527,2658,2728,2607,2664,2711,2794,2763,2773,2871,2635,2553,2412,2453,2441,2254,2259,2214,2093,2016,1959,1925,1881,1847,1901,1887,1933,1984,1787,1694,1729,1618,1459,1305,1257,1169,1164,1172,1181,1122,1052,1051,1004,902,833,789,644,655,543,489,434,379,319,223,147,105,60,57,27,26,41
2013,Neuchatel,24,nonperm,1,1431,177833,22,24,20,24,9,11,13,16,9,11,11,14,9,13,14,9,16,54,40,29,30,63,34,67,45,44,58,54,46,42,50,36,35,37,32,33,33,22,19,20,15,29,18,21,15,17,14,12,18,15,13,9,5,8,9,11,8,2,6,2,3,3,2,0,1,1,1,0,0,0,1,0,0,0,0,0,0,0,0,0,0,0,1,0,0,1,0,0,1,1,0,0,0,0,0,0,0,0,0,0,0
2013,Geneve,25,perm,0,469433,472336,4781,4930,4898,5061,4845,4915,4968,4864,4928,4956,4571,4842,4922,5131,5018,4953,5092,5368,5281,5472,5611,5735,5997,5793,6144,6252,6136,6420,6558,6772,6782,7039,7267,7235,7249,7139,7264,7290,7170,7428,7322,7355,7184,7254,7026,7310,7342,7571,7635,7777,7342,6970,6638,6508,6422,6002,5793,5536,5395,5144,4980,4793,4485,4714,4490,4615,4574,4509,4295,4388,4109,4003,3600,3353,3204,3139,2986,2842,2787,2580,2501,2409,2179,2215,1933,1711,1585,1354,1265,1091,944,783,699,506,377,239,182,118,90,69,134
2013,Geneve,25,nonperm,1,2903,472336,21,15,17,16,10,12,10,10,8,9,13,10,5,3,6,5,10,10,30,33,85,111,118,130,150,150,146,156,141,132,121,105,91,94,70,74,60,55,44,50,46,39,28,43,29,29,18,25,31,32,31,23,17,18,12,17,8,12,10,10,14,11,14,4,8,4,3,4,3,5,3,5,1,2,1,1,4,1,0,0,0,0,0,0,0,0,0,0,0,1,0,0,0,0,0,0,0,0,0,0,0
2013,Jura,26,perm,0,71738,72063,685,698,687,695,761,701,678,756,781,753,744,825,854,867,883,915,912,883,937,906,885,969,943,893,885,874,841,855,809,824,776,799,809,819,789,799,825,800,831,908,972,934,999,996,1037,1077,1081,1073,1114,1106,1082,1165,1031,1079,1069,959,981,984,934,962,864,906,876,880,932,875,844,835,803,725,730,646,621,555,603,540,502,534,472,448,474,441,409,388,329,359,317,259,219,194,170,121,89,98,55,54,28,19,12,11,12
2013,Jura,26,nonperm,1,325,72063,6,8,2,4,2,5,1,4,3,1,1,0,1,1,4,3,0,4,7,9,8,11,7,12,10,10,12,16,18,5,10,13,13,13,8,8,6,9,5,5,8,4,4,4,3,6,4,2,4,3,4,1,2,1,1,2,2,0,1,1,0,0,0,0,0,0,0,0,0,0,0,1,0,0,1,0,0,0,0,0,0,0,1,0,0,0,0,0,0,0,0,0,0,0,0,0,0,0,0,0,0
