year,month,201012,200512,200005,199305,198212,197709,196609,193908
1939,1,,,,,,,,0
1939,2,,,,,,,,0
1939,3,,,,,,,,0
1939,4,,,,,,,,0
1939,5,,,,,,,,0
1939,6,,,,,,,,0
1939,7,,,,,,,,0
1939,8,,,,,,,,100
1939,9,,,,,,,,100
1939,10,,,,,,,,100
1939,11,,,,,,,,100
1939,12,,,,,,,,100
1940,1,,,,,,,,100
1940,2,,,,,,,,100
1940,3,,,,,,,,100
1940,4,,,,,,,,100
1940,5,,,,,,,,99.8
1940,6,,,,,,,,99.8
1940,7,,,,,,,,99.8
1940,8,,,,,,,,99.8
1940,9,,,,,,,,99.8
1940,10,,,,,,,,99.8
1940,11,,,,,,,,99.8
1940,12,,,,,,,,99.8
1941,1,,,,,,,,99.8
1941,2,,,,,,,,99.8
1941,3,,,,,,,,99.8
1941,4,,,,,,,,99.8
1941,5,,,,,,,,99.8
1941,6,,,,,,,,99.8
1941,7,,,,,,,,99.8
1941,8,,,,,,,,99.8
1941,9,,,,,,,,99.8
1941,10,,,,,,,,99.8
1941,11,,,,,,,,99.8
1941,12,,,,,,,,99.8
1942,1,,,,,,,,99.8
1942,2,,,,,,,,99.8
1942,3,,,,,,,,99.8
1942,4,,,,,,,,99.8
1942,5,,,,,,,,100.1
1942,6,,,,,,,,100.1
1942,7,,,,,,,,100.1
1942,8,,,,,,,,100.1
1942,9,,,,,,,,100.1
1942,10,,,,,,,,100.1
1942,11,,,,,,,,100.1
1942,12,,,,,,,,100.1
1943,1,,,,,,,,100.1
1943,2,,,,,,,,100.1
1943,3,,,,,,,,100.1
1943,4,,,,,,,,100.1
1943,5,,,,,,,,100.3
1943,6,,,,,,,,100.3
1943,7,,,,,,,,100.3
1943,8,,,,,,,,100.3
1943,9,,,,,,,,100.3
1943,10,,,,,,,,100.3
1943,11,,,,,,,,100.3
1943,12,,,,,,,,100.3
1944,1,,,,,,,,100.3
1944,2,,,,,,,,100.3
1944,3,,,,,,,,100.3
1944,4,,,,,,,,100.3
1944,5,,,,,,,,101.2
1944,6,,,,,,,,101.2
1944,7,,,,,,,,101.2
1944,8,,,,,,,,101.2
1944,9,,,,,,,,101.2
1944,10,,,,,,,,101.2
1944,11,,,,,,,,101.2
1944,12,,,,,,,,101.2
1945,1,,,,,,,,101.2
1945,2,,,,,,,,101.2
1945,3,,,,,,,,101.2
1945,4,,,,,,,,101.2
1945,5,,,,,,,,101.6
1945,6,,,,,,,,101.6
1945,7,,,,,,,,101.6
1945,8,,,,,,,,101.6
1945,9,,,,,,,,101.6
1945,10,,,,,,,,101.6
1945,11,,,,,,,,101.6
1945,12,,,,,,,,101.6
1946,1,,,,,,,,101.6
1946,2,,,,,,,,101.6
1946,3,,,,,,,,101.6
1946,4,,,,,,,,101.6
1946,5,,,,,,,,102.3
1946,6,,,,,,,,102.3
1946,7,,,,,,,,102.3
1946,8,,,,,,,,102.3
1946,9,,,,,,,,102.3
1946,10,,,,,,,,102.3
1946,11,,,,,,,,102.3
1946,12,,,,,,,,102.3
1947,1,,,,,,,,102.3
1947,2,,,,,,,,102.3
1947,3,,,,,,,,102.3
1947,4,,,,,,,,102.3
1947,5,,,,,,,,103.3
1947,6,,,,,,,,103.3
1947,7,,,,,,,,103.3
1947,8,,,,,,,,103.3
1947,9,,,,,,,,103.3
1947,10,,,,,,,,103.3
1947,11,,,,,,,,103.3
1947,12,,,,,,,,103.3
1948,1,,,,,,,,103.3
1948,2,,,,,,,,103.3
1948,3,,,,,,,,103.3
1948,4,,,,,,,,103.3
1948,5,,,,,,,,104.8
1948,6,,,,,,,,104.8
1948,7,,,,,,,,104.8
1948,8,,,,,,,,104.8
1948,9,,,,,,,,104.8
1948,10,,,,,,,,104.8
1948,11,,,,,,,,104.8
1948,12,,,,,,,,104.8
1949,1,,,,,,,,104.8
1949,2,,,,,,,,104.8
1949,3,,,,,,,,104.8
1949,4,,,,,,,,104.8
1949,5,,,,,,,,106.9
1949,6,,,,,,,,106.9
1949,7,,,,,,,,106.9
1949,8,,,,,,,,106.9
1949,9,,,,,,,,106.9
1949,10,,,,,,,,106.9
1949,11,,,,,,,,106.9
1949,12,,,,,,,,106.9
1950,1,,,,,,,,106.9
1950,2,,,,,,,,106.9
1950,3,,,,,,,,106.9
1950,4,,,,,,,,106.9
1950,5,,,,,,,,108.8
1950,6,,,,,,,,108.8
1950,7,,,,,,,,108.8
1950,8,,,,,,,,108.8
1950,9,,,,,,,,108.8
1950,10,,,,,,,,108.8
1950,11,,,,,,,,108.8
1950,12,,,,,,,,108.8
1951,1,,,,,,,,108.8
1951,2,,,,,,,,108.8
1951,3,,,,,,,,108.8
1951,4,,,,,,,,108.8
1951,5,,,,,,,,113.4
1951,6,,,,,,,,113.4
1951,7,,,,,,,,113.4
1951,8,,,,,,,,113.4
1951,9,,,,,,,,113.4
1951,10,,,,,,,,113.4
1951,11,,,,,,,,116.8
1951,12,,,,,,,,116.8
1952,1,,,,,,,,116.8
1952,2,,,,,,,,116.8
1952,3,,,,,,,,116.8
1952,4,,,,,,,,116.8
1952,5,,,,,,,,118.7
1952,6,,,,,,,,118.7
1952,7,,,,,,,,118.7
1952,8,,,,,,,,118.7
1952,9,,,,,,,,118.7
1952,10,,,,,,,,118.7
1952,11,,,,,,,,118.7
1952,12,,,,,,,,118.7
1953,1,,,,,,,,118.7
1953,2,,,,,,,,118.7
1953,3,,,,,,,,118.7
1953,4,,,,,,,,118.7
1953,5,,,,,,,,120.8
1953,6,,,,,,,,120.8
1953,7,,,,,,,,120.8
1953,8,,,,,,,,120.8
1953,9,,,,,,,,120.8
1953,10,,,,,,,,120.8
1953,11,,,,,,,,120.8
1953,12,,,,,,,,120.8
1954,1,,,,,,,,120.8
1954,2,,,,,,,,120.8
1954,3,,,,,,,,120.8
1954,4,,,,,,,,120.8
1954,5,,,,,,,,123
1954,6,,,,,,,,123
1954,7,,,,,,,,123
1954,8,,,,,,,,123
1954,9,,,,,,,,123
1954,10,,,,,,,,123
1954,11,,,,,,,,124.8
1954,12,,,,,,,,124.8
1955,1,,,,,,,,124.8
1955,2,,,,,,,,124.8
1955,3,,,,,,,,124.8
1955,4,,,,,,,,124.8
1955,5,,,,,,,,127.8
1955,6,,,,,,,,127.8
1955,7,,,,,,,,127.8
1955,8,,,,,,,,127.8
1955,9,,,,,,,,127.8
1955,10,,,,,,,,127.8
1955,11,,,,,,,,127.8
1955,12,,,,,,,,127.8
1956,1,,,,,,,,127.8
1956,2,,,,,,,,127.8
1956,3,,,,,,,,127.8
1956,4,,,,,,,,127.8
1956,5,,,,,,,,131
1956,6,,,,,,,,131
1956,7,,,,,,,,131
1956,8,,,,,,,,131
1956,9,,,,,,,,131
1956,10,,,,,,,,131
1956,11,,,,,,,,131
1956,12,,,,,,,,131
1957,1,,,,,,,,131
1957,2,,,,,,,,131
1957,3,,,,,,,,131
1957,4,,,,,,,,131
1957,5,,,,,,,,134.1
1957,6,,,,,,,,134.1
1957,7,,,,,,,,134.1
1957,8,,,,,,,,134.1
1957,9,,,,,,,,134.1
1957,10,,,,,,,,134.1
1957,11,,,,,,,,134.1
1957,12,,,,,,,,134.1
1958,1,,,,,,,,134.1
1958,2,,,,,,,,134.1
1958,3,,,,,,,,134.1
1958,4,,,,,,,,134.1
1958,5,,,,,,,,141.1
1958,6,,,,,,,,141.1
1958,7,,,,,,,,141.1
1958,8,,,,,,,,141.1
1958,9,,,,,,,,141.1
1958,10,,,,,,,,141.1
1958,11,,,,,,,,141.1
1958,12,,,,,,,,141.1
1959,1,,,,,,,,141.1
1959,2,,,,,,,,141.1
1959,3,,,,,,,,141.1
1959,4,,,,,,,,141.1
1959,5,,,,,,,,145.5
1959,6,,,,,,,,145.5
1959,7,,,,,,,,145.5
1959,8,,,,,,,,145.5
1959,9,,,,,,,,145.5
1959,10,,,,,,,,145.5
1959,11,,,,,,,,145.5
1959,12,,,,,,,,145.5
1960,1,,,,,,,,145.5
1960,2,,,,,,,,145.5
1960,3,,,,,,,,145.5
1960,4,,,,,,,,145.5
1960,5,,,,,,,,148.8
1960,6,,,,,,,,148.8
1960,7,,,,,,,,148.8
1960,8,,,,,,,,148.8
1960,9,,,,,,,,148.8
1960,10,,,,,,,,148.8
1960,11,,,,,,,,148.8
1960,12,,,,,,,,148.8
1961,1,,,,,,,,148.8
1961,2,,,,,,,,148.8
1961,3,,,,,,,,148.8
1961,4,,,,,,,,148.8
1961,5,,,,,,,,153.3
1961,6,,,,,,,,153.3
1961,7,,,,,,,,153.3
1961,8,,,,,,,,153.3
1961,9,,,,,,,,153.3
1961,10,,,,,,,,153.3
1961,11,,,,,,,,157.4
1961,12,,,,,,,,157.4
1962,1,,,,,,,,157.4
1962,2,,,,,,,,157.4
1962,3,,,,,,,,157.4
1962,4,,,,,,,,157.4
1962,5,,,,,,,,161.4
1962,6,,,,,,,,161.4
1962,7,,,,,,,,161.4
1962,8,,,,,,,,161.4
1962,9,,,,,,,,161.4
1962,10,,,,,,,,161.4
1962,11,,,,,,,,161.4
1962,12,,,,,,,,161.4
1963,1,,,,,,,,161.4
1963,2,,,,,,,,161.4
1963,3,,,,,,,,161.4
1963,4,,,,,,,,161.4
1963,5,,,,,,,,168.2
1963,6,,,,,,,,168.2
1963,7,,,,,,,,168.2
1963,8,,,,,,,,168.2
1963,9,,,,,,,,168.2
1963,10,,,,,,,,168.2
1963,11,,,,,,,,173.1
1963,12,,,,,,,,173.1
1964,1,,,,,,,,173.1
1964,2,,,,,,,,173.1
1964,3,,,,,,,,173.1
1964,4,,,,,,,,173.1
1964,5,,,,,,,,179.3
1964,6,,,,,,,,179.3
1964,7,,,,,,,,179.3
1964,8,,,,,,,,179.3
1964,9,,,,,,,,179.3
1964,10,,,,,,,,179.3
1964,11,,,,,,,,179.3
1964,12,,,,,,,,179.3
1965,1,,,,,,,,179.3
1965,2,,,,,,,,179.3
1965,3,,,,,,,,179.3
1965,4,,,,,,,,179.3
1965,5,,,,,,,,190.8
1965,6,,,,,,,,190.8
1965,7,,,,,,,,190.8
1965,8,,,,,,,,190.8
1965,9,,,,,,,,190.8
1965,10,,,,,,,,190.8
1965,11,,,,,,,,190.8
1965,12,,,,,,,,190.8
1966,1,,,,,,,92.6,190.8
1966,2,,,,,,,92.6,190.8
1966,3,,,,,,,92.6,190.8
1966,4,,,,,,,92.6,190.8
1966,5,,,,,,,100,206.1
1966,6,,,,,,,100,206.1
1966,7,,,,,,,100,206.1
1966,8,,,,,,,100,206.1
1966,9,,,,,,,100,206.1
1966,10,,,,,,,100,206.1
1966,11,,,,,,,103.6,213.5
1966,12,,,,,,,103.6,213.5
1967,1,,,,,,,103.6,213.5
1967,2,,,,,,,103.6,213.5
1967,3,,,,,,,103.6,213.5
1967,4,,,,,,,103.6,213.5
1967,5,,,,,,,108.6,223.8
1967,6,,,,,,,108.6,223.8
1967,7,,,,,,,108.6,223.8
1967,8,,,,,,,108.6,223.8
1967,9,,,,,,,108.6,223.8
1967,10,,,,,,,108.6,223.8
1967,11,,,,,,,112,230.8
1967,12,,,,,,,112,230.8
1968,1,,,,,,,112,230.8
1968,2,,,,,,,112,230.8
1968,3,,,,,,,112,230.8
1968,4,,,,,,,112,230.8
1968,5,,,,,,,116.4,239.9
1968,6,,,,,,,116.4,239.9
1968,7,,,,,,,116.4,239.9
1968,8,,,,,,,116.4,239.9
1968,9,,,,,,,116.4,239.9
1968,10,,,,,,,116.4,239.9
1968,11,,,,,,,119.5,246.3
1968,12,,,,,,,119.5,246.3
1969,1,,,,,,,119.5,246.3
1969,2,,,,,,,119.5,246.3
1969,3,,,,,,,119.5,246.3
1969,4,,,,,,,119.5,246.3
1969,5,,,,,,,123.7,254.9
1969,6,,,,,,,123.7,254.9
1969,7,,,,,,,123.7,254.9
1969,8,,,,,,,123.7,254.9
1969,9,,,,,,,123.7,254.9
1969,10,,,,,,,123.7,254.9
1969,11,,,,,,,126.8,261.3
1969,12,,,,,,,126.8,261.3
1970,1,,,,,,,126.8,261.3
1970,2,,,,,,,126.8,261.3
1970,3,,,,,,,126.8,261.3
1970,4,,,,,,,126.8,261.3
1970,5,,,,,,,131.6,271.2
1970,6,,,,,,,131.6,271.2
1970,7,,,,,,,131.6,271.2
1970,8,,,,,,,131.6,271.2
1970,9,,,,,,,131.6,271.2
1970,10,,,,,,,131.6,271.2
1970,11,,,,,,,136.5,281.3
1970,12,,,,,,,136.5,281.3
1971,1,,,,,,,136.5,281.3
1971,2,,,,,,,136.5,281.3
1971,3,,,,,,,136.5,281.3
1971,4,,,,,,,136.5,281.3
1971,5,,,,,,,143.2,295.1
1971,6,,,,,,,143.2,295.1
1971,7,,,,,,,143.2,295.1
1971,8,,,,,,,143.2,295.1
1971,9,,,,,,,143.2,295.1
1971,10,,,,,,,143.2,295.1
1971,11,,,,,,,149.4,307.9
1971,12,,,,,,,149.4,307.9
1972,1,,,,,,,149.4,307.9
1972,2,,,,,,,149.4,307.9
1972,3,,,,,,,149.4,307.9
1972,4,,,,,,,149.4,307.9
1972,5,,,,,,,155.1,319.7
1972,6,,,,,,,155.1,319.7
1972,7,,,,,,,155.1,319.7
1972,8,,,,,,,155.1,319.7
1972,9,,,,,,,155.1,319.7
1972,10,,,,,,,155.1,319.7
1972,11,,,,,,,159.6,328.9
1972,12,,,,,,,159.6,328.9
1973,1,,,,,,,159.6,328.9
1973,2,,,,,,,159.6,328.9
1973,3,,,,,,,159.6,328.9
1973,4,,,,,,,159.6,328.9
1973,5,,,,,,,164.9,339.9
1973,6,,,,,,,164.9,339.9
1973,7,,,,,,,164.9,339.9
1973,8,,,,,,,164.9,339.9
1973,9,,,,,,,164.9,339.9
1973,10,,,,,,,164.9,339.9
1973,11,,,,,,,170.5,351.4
1973,12,,,,,,,170.5,351.4
1974,1,,,,,,,170.5,351.4
1974,2,,,,,,,170.5,351.4
1974,3,,,,,,,170.5,351.4
1974,4,,,,,,,170.5,351.4
1974,5,,,,,,,177,364.8
1974,6,,,,,,,177,364.8
1974,7,,,,,,,177,364.8
1974,8,,,,,,,177,364.8
1974,9,,,,,,,177,364.8
1974,10,,,,,,,177,364.8
1974,11,,,,,,,187.1,385.6
1974,12,,,,,,,187.1,385.6
1975,1,,,,,,,187.1,385.6
1975,2,,,,,,,187.1,385.6
1975,3,,,,,,,187.1,385.6
1975,4,,,,,,,187.1,385.6
1975,5,,,,,,,196.1,404.2
1975,6,,,,,,,196.1,404.2
1975,7,,,,,,,196.1,404.2
1975,8,,,,,,,196.1,404.2
1975,9,,,,,,,196.1,404.2
1975,10,,,,,,,196.1,404.2
1975,11,,,,,,,200.4,413
1975,12,,,,,,,200.4,413
1976,1,,,,,,,200.4,413
1976,2,,,,,,,200.4,413
1976,3,,,,,,,200.4,413
1976,4,,,,,,,200.4,413
1976,5,,,,,,,202.8,418
1976,6,,,,,,,202.8,418
1976,7,,,,,,,202.8,418
1976,8,,,,,,,202.8,418
1976,9,,,,,,,202.8,418
1976,10,,,,,,,202.8,418
1976,11,,,,,,,204.2,420.9
1976,12,,,,,,,204.2,420.9
1977,1,,,,,82.6,99.6,204.2,420.9
1977,2,,,,,82.6,99.6,204.2,420.9
1977,3,,,,,82.6,99.6,204.2,420.9
1977,4,,,,,82.6,99.6,204.2,420.9
1977,5,,,,,83,100,205,422.5
1977,6,,,,,83,100,205,422.5
1977,7,,,,,83,100,205,422.5
1977,8,,,,,83,100,205,422.5
1977,9,,,,,83,100,205,422.5
1977,10,,,,,83,100,205,422.5
1977,11,,,,,82.9,99.9,204.9,422.3
1977,12,,,,,82.9,99.9,204.9,422.3
1978,1,,,,,82.9,99.9,204.9,422.3
1978,2,,,,,82.9,99.9,204.9,422.3
1978,3,,,,,82.9,99.9,204.9,422.3
1978,4,,,,,82.9,99.9,204.9,422.3
1978,5,,,,,83.3,100.4,205.9,424.3
1978,6,,,,,83.3,100.4,205.9,424.3
1978,7,,,,,83.3,100.4,205.9,424.3
1978,8,,,,,83.3,100.4,205.9,424.3
1978,9,,,,,83.3,100.4,205.9,424.3
1978,10,,,,,83.3,100.4,205.9,424.3
1978,11,,,,,82.9,100,204.9,422.3
1978,12,,,,,82.9,100,204.9,422.3
1979,1,,,,,82.9,100,204.9,422.3
1979,2,,,,,82.9,100,204.9,422.3
1979,3,,,,,82.9,100,204.9,422.3
1979,4,,,,,82.9,100,204.9,422.3
1979,5,,,,,83,100.1,205.2,422.8
1979,6,,,,,83,100.1,205.2,422.8
1979,7,,,,,83,100.1,205.2,422.8
1979,8,,,,,83,100.1,205.2,422.8
1979,9,,,,,83,100.1,205.2,422.8
1979,10,,,,,83,100.1,205.2,422.8
1979,11,,,,,83.3,100.4,205.9,424.3
1979,12,,,,,83.3,100.4,205.9,424.3
1980,1,,,,,83.3,100.4,205.9,424.3
1980,2,,,,,83.3,100.4,205.9,424.3
1980,3,,,,,83.3,100.4,205.9,424.3
1980,4,,,,,83.3,100.4,205.9,424.3
1980,5,,,,,84,101.2,207.4,427.5
1980,6,,,,,84,101.2,207.4,427.5
1980,7,,,,,84,101.2,207.4,427.5
1980,8,,,,,84,101.2,207.4,427.5
1980,9,,,,,84,101.2,207.4,427.5
1980,10,,,,,84,101.2,207.4,427.5
1980,11,,,,,85.3,102.9,210.8,434.5
1980,12,,,,,85.3,102.9,210.8,434.5
1981,1,,,,,85.3,102.9,210.8,434.5
1981,2,,,,,85.3,102.9,210.8,434.5
1981,3,,,,,85.3,102.9,210.8,434.5
1981,4,,,,,85.3,102.9,210.8,434.5
1981,5,,,,,87.8,105.8,217,447.1
1981,6,,,,,87.8,105.8,217,447.1
1981,7,,,,,87.8,105.8,217,447.1
1981,8,,,,,87.8,105.8,217,447.1
1981,9,,,,,87.8,105.8,217,447.1
1981,10,,,,,87.8,105.8,217,447.1
1981,11,,,,,91.9,110.7,227,467.7
1981,12,,,,,91.9,110.7,227,467.7
1982,1,0,0,0,0,91.9,110.7,227,467.7
1982,2,0,0,0,0,91.9,110.7,227,467.7
1982,3,0,0,0,0,91.9,110.7,227,467.7
1982,4,0,0,0,0,91.9,110.7,227,467.7
1982,5,0,0,0,0,97.2,117.1,240.1,494.8
1982,6,0,0,0,0,97.2,117.1,240.1,494.8
1982,7,0,0,0,0,97.2,117.1,240.1,494.8
1982,8,0,0,0,0,97.2,117.1,240.1,494.8
1982,9,0,0,0,0,97.2,117.1,240.1,494.8
1982,10,0,0,0,0,97.2,117.1,240.1,494.8
1982,11,0,0,0,0,100,120.5,247.1,509.2
1982,12,48.5,53.6,57.8,60.6,100,120.5,247.1,509.2
1983,1,48.5,53.6,57.8,60.6,100,120.5,247.1,509.2
1983,2,48.5,53.6,57.8,60.6,100,120.5,247.1,509.2
1983,3,48.5,53.6,57.8,60.6,100,120.5,247.1,509.2
1983,4,48.5,53.6,57.8,60.6,100,120.5,247.1,509.2
1983,5,49.2,54.4,58.7,61.5,101.5,122.3,250.7,516.6
1983,6,49.2,54.4,58.7,61.5,101.5,122.3,250.7,516.6
1983,7,49.2,54.4,58.7,61.5,101.5,122.3,250.7,516.6
1983,8,49.2,54.4,58.7,61.5,101.5,122.3,250.7,516.6
1983,9,49.2,54.4,58.7,61.5,101.5,122.3,250.7,516.6
1983,10,49.2,54.4,58.7,61.5,101.5,122.3,250.7,516.6
1983,11,49.7,55,59.3,62.2,102.5,123.6,253.4,522.1
1983,12,49.7,55,59.3,62.2,102.5,123.6,253.4,522.1
1984,1,49.7,55,59.3,62.2,102.5,123.6,253.4,522.1
1984,2,49.7,55,59.3,62.2,102.5,123.6,253.4,522.1
1984,3,49.7,55,59.3,62.2,102.5,123.6,253.4,522.1
1984,4,49.7,55,59.3,62.2,102.5,123.6,253.4,522.1
1984,5,50.3,55.7,60.1,63,103.9,125.2,256.7,529
1984,6,50.3,55.7,60.1,63,103.9,125.2,256.7,529
1984,7,50.3,55.7,60.1,63,103.9,125.2,256.7,529
1984,8,50.3,55.7,60.1,63,103.9,125.2,256.7,529
1984,9,50.3,55.7,60.1,63,103.9,125.2,256.7,529
1984,10,50.3,55.7,60.1,63,103.9,125.2,256.7,529
1984,11,51,56.5,60.9,63.9,105.3,126.9,260.2,536.2
1984,12,51,56.5,60.9,63.9,105.3,126.9,260.2,536.2
1985,1,51,56.5,60.9,63.9,105.3,126.9,260.2,536.2
1985,2,51,56.5,60.9,63.9,105.3,126.9,260.2,536.2
1985,3,51,56.5,60.9,63.9,105.3,126.9,260.2,536.2
1985,4,51,56.5,60.9,63.9,105.3,126.9,260.2,536.2
1985,5,52,57.5,62.1,65.1,107.3,129.3,265.2,546.4
1985,6,52,57.5,62.1,65.1,107.3,129.3,265.2,546.4
1985,7,52,57.5,62.1,65.1,107.3,129.3,265.2,546.4
1985,8,52,57.5,62.1,65.1,107.3,129.3,265.2,546.4
1985,9,52,57.5,62.1,65.1,107.3,129.3,265.2,546.4
1985,10,52,57.5,62.1,65.1,107.3,129.3,265.2,546.4
1985,11,52.9,58.6,63.2,66.3,109.2,131.7,269.9,556.3
1985,12,52.9,58.6,63.2,66.3,109.2,131.7,269.9,556.3
1986,1,52.9,58.6,63.2,66.3,109.2,131.7,269.9,556.3
1986,2,52.9,58.6,63.2,66.3,109.2,131.7,269.9,556.3
1986,3,52.9,58.6,63.2,66.3,109.2,131.7,269.9,556.3
1986,4,52.9,58.6,63.2,66.3,109.2,131.7,269.9,556.3
1986,5,54,59.7,64.4,67.5,111.4,134.2,275.2,567.1
1986,6,54,59.7,64.4,67.5,111.4,134.2,275.2,567.1
1986,7,54,59.7,64.4,67.5,111.4,134.2,275.2,567.1
1986,8,54,59.7,64.4,67.5,111.4,134.2,275.2,567.1
1986,9,54,59.7,64.4,67.5,111.4,134.2,275.2,567.1
1986,10,54,59.7,64.4,67.5,111.4,134.2,275.2,567.1
1986,11,54.8,60.6,65.4,68.5,113,136.2,279.3,575.5
1986,12,54.8,60.6,65.4,68.5,113,136.2,279.3,575.5
1987,1,54.8,60.6,65.4,68.5,113,136.2,279.3,575.5
1987,2,54.8,60.6,65.4,68.5,113,136.2,279.3,575.5
1987,3,54.8,60.6,65.4,68.5,113,136.2,279.3,575.5
1987,4,54.8,60.6,65.4,68.5,113,136.2,279.3,575.5
1987,5,55.5,61.4,66.2,69.5,114.6,138.1,283.1,583.4
1987,6,55.5,61.4,66.2,69.5,114.6,138.1,283.1,583.4
1987,7,55.5,61.4,66.2,69.5,114.6,138.1,283.1,583.4
1987,8,55.5,61.4,66.2,69.5,114.6,138.1,283.1,583.4
1987,9,55.5,61.4,66.2,69.5,114.6,138.1,283.1,583.4
1987,10,55.5,61.4,66.2,69.5,114.6,138.1,283.1,583.4
1987,11,56.3,62.2,67.1,70.4,116.1,139.9,286.8,591.1
1987,12,56.3,62.2,67.1,70.4,116.1,139.9,286.8,591.1
1988,1,56.3,62.2,67.1,70.4,116.1,139.9,286.8,591.1
1988,2,56.3,62.2,67.1,70.4,116.1,139.9,286.8,591.1
1988,3,56.3,62.2,67.1,70.4,116.1,139.9,286.8,591.1
1988,4,56.3,62.2,67.1,70.4,116.1,139.9,286.8,591.1
1988,5,57.1,63.2,68.2,71.5,117.9,142.1,291.3,600.3
1988,6,57.1,63.2,68.2,71.5,117.9,142.1,291.3,600.3
1988,7,57.1,63.2,68.2,71.5,117.9,142.1,291.3,600.3
1988,8,57.1,63.2,68.2,71.5,117.9,142.1,291.3,600.3
1988,9,57.1,63.2,68.2,71.5,117.9,142.1,291.3,600.3
1988,10,57.1,63.2,68.2,71.5,117.9,142.1,291.3,600.3
1988,11,57.9,64,69,72.4,119.4,143.9,295.1,608
1988,12,57.9,64,69,72.4,119.4,143.9,295.1,608
1989,1,57.9,64,69,72.4,119.4,143.9,295.1,608
1989,2,57.9,64,69,72.4,119.4,143.9,295.1,608
1989,3,57.9,64,69,72.4,119.4,143.9,295.1,608
1989,4,57.9,64,69,72.4,119.4,143.9,295.1,608
1989,5,58.9,65.2,70.3,73.7,121.6,146.5,300.4,619
1989,6,58.9,65.2,70.3,73.7,121.6,146.5,300.4,619
1989,7,58.9,65.2,70.3,73.7,121.6,146.5,300.4,619
1989,8,58.9,65.2,70.3,73.7,121.6,146.5,300.4,619
1989,9,58.9,65.2,70.3,73.7,121.6,146.5,300.4,619
1989,10,58.9,65.2,70.3,73.7,121.6,146.5,300.4,619
1989,11,61.9,68.5,73.9,77.5,127.8,154,315.8,650.7
1989,12,61.9,68.5,73.9,77.5,127.8,154,315.8,650.7
1990,1,61.9,68.5,73.9,77.5,127.8,154,315.8,650.7
1990,2,61.9,68.5,73.9,77.5,127.8,154,315.8,650.7
1990,3,61.9,68.5,73.9,77.5,127.8,154,315.8,650.7
1990,4,61.9,68.5,73.9,77.5,127.8,154,315.8,650.7
1990,5,64.4,71.3,76.9,80.6,133,160.3,328.6,677.1
1990,6,64.4,71.3,76.9,80.6,133,160.3,328.6,677.1
1990,7,64.4,71.3,76.9,80.6,133,160.3,328.6,677.1
1990,8,64.4,71.3,76.9,80.6,133,160.3,328.6,677.1
1990,9,64.4,71.3,76.9,80.6,133,160.3,328.6,677.1
1990,10,64.4,71.3,76.9,80.6,133,160.3,328.6,677.1
1990,11,67.9,75.1,81,84.9,140,168.8,346,713
1990,12,67.9,75.1,81,84.9,140,168.8,346,713
1991,1,67.9,75.1,81,84.9,140,168.8,346,713
1991,2,67.9,75.1,81,84.9,140,168.8,346,713
1991,3,67.9,75.1,81,84.9,140,168.8,346,713
1991,4,67.9,75.1,81,84.9,140,168.8,346,713
1991,5,71.3,78.9,85.1,89.2,147.1,177.3,363.6,749.2
1991,6,71.3,78.9,85.1,89.2,147.1,177.3,363.6,749.2
1991,7,71.3,78.9,85.1,89.2,147.1,177.3,363.6,749.2
1991,8,71.3,78.9,85.1,89.2,147.1,177.3,363.6,749.2
1991,9,71.3,78.9,85.1,89.2,147.1,177.3,363.6,749.2
1991,10,71.3,78.9,85.1,89.2,147.1,177.3,363.6,749.2
1991,11,73.6,81.4,87.8,92.1,151.9,183,375.3,773.3
1991,12,73.6,81.4,87.8,92.1,151.9,183,375.3,773.3
1992,1,73.6,81.4,87.8,92.1,151.9,183,375.3,773.3
1992,2,73.6,81.4,87.8,92.1,151.9,183,375.3,773.3
1992,3,73.6,81.4,87.8,92.1,151.9,183,375.3,773.3
1992,4,73.6,81.4,87.8,92.1,151.9,183,375.3,773.3
1992,5,75.8,83.9,90.4,94.9,156.4,188.5,386.5,796.5
1992,6,75.8,83.9,90.4,94.9,156.4,188.5,386.5,796.5
1992,7,75.8,83.9,90.4,94.9,156.4,188.5,386.5,796.5
1992,8,75.8,83.9,90.4,94.9,156.4,188.5,386.5,796.5
1992,9,75.8,83.9,90.4,94.9,156.4,188.5,386.5,796.5
1992,10,75.8,83.9,90.4,94.9,156.4,188.5,386.5,796.5
1992,11,77.9,86.2,93,97.5,160.7,193.7,397.2,818.5
1992,12,77.9,86.2,93,97.5,160.7,193.7,397.2,818.5
1993,1,77.9,86.2,93,97.5,160.7,193.7,397.2,818.5
1993,2,77.9,86.2,93,97.5,160.7,193.7,397.2,818.5
1993,3,77.9,86.2,93,97.5,160.7,193.7,397.2,818.5
1993,4,77.9,86.2,93,97.5,160.7,193.7,397.2,818.5
1993,5,79.9,88.4,95.3,100,164.9,198.7,407.4,839.6
1993,6,79.9,88.4,95.3,100,164.9,198.7,407.4,839.6
1993,7,79.9,88.4,95.3,100,164.9,198.7,407.4,839.6
1993,8,80.3,88.8,95.8,100.4,165.6,199.6,409.2,843.3
1993,9,80.3,88.8,95.8,100.4,165.6,199.6,409.2,843.3
1993,10,80.3,88.8,95.8,100.4,165.6,199.6,409.2,843.3
1993,11,79.7,88.1,95.1,99.7,164.4,198.1,406.2,837
1993,12,79.7,88.1,95.1,99.7,164.4,198.1,406.2,837
1994,1,79.7,88.1,95.1,99.7,164.4,198.1,406.2,837
1994,2,80.4,89,95.9,100.6,165.9,199.9,409.9,844.8
1994,3,80.4,89,95.9,100.6,165.9,199.9,409.9,844.8
1994,4,80.4,89,95.9,100.6,165.9,199.9,409.9,844.8
1994,5,79.3,87.8,94.7,99.3,163.7,197.3,404.5,833.6
1994,6,79.3,87.8,94.7,99.3,163.7,197.3,404.5,833.6
1994,7,79.3,87.8,94.7,99.3,163.7,197.3,404.5,833.6
1994,8,79.6,88,94.9,99.6,164.2,197.8,405.6,835.9
1994,9,79.6,88,94.9,99.6,164.2,197.8,405.6,835.9
1994,10,79.6,88,94.9,99.6,164.2,197.8,405.6,835.9
1994,11,79.8,88.3,95.2,99.8,164.6,198.4,406.8,838.2
1994,12,79.8,88.3,95.2,99.8,164.6,198.4,406.8,838.2
1995,1,79.8,88.3,95.2,99.8,164.6,198.4,406.8,838.2
1995,2,79.9,88.4,95.3,100,164.9,198.7,407.4,839.4
1995,3,79.9,88.4,95.3,100,164.9,198.7,407.4,839.4
1995,4,79.9,88.4,95.3,100,164.9,198.7,407.4,839.4
1995,5,80.6,89.2,96.2,100.9,166.4,200.5,411.1,847.1
1995,6,80.6,89.2,96.2,100.9,166.4,200.5,411.1,847.1
1995,7,80.6,89.2,96.2,100.9,166.4,200.5,411.1,847.1
1995,8,81.1,89.7,96.8,101.5,167.3,201.7,413.5,852.1
1995,9,81.1,89.7,96.8,101.5,167.3,201.7,413.5,852.1
1995,10,81.1,89.7,96.8,101.5,167.3,201.7,413.5,852.1
1995,11,81.4,90,97.1,101.8,167.9,202.3,414.8,854.8
1995,12,81.4,90,97.1,101.8,167.9,202.3,414.8,854.8
1996,1,81.4,90,97.1,101.8,167.9,202.3,414.8,854.8
1996,2,81.5,90.1,97.2,101.9,168.1,202.6,415.3,855.8
1996,3,81.5,90.1,97.2,101.9,168.1,202.6,415.3,855.8
1996,4,81.5,90.1,97.2,101.9,168.1,202.6,415.3,855.8
1996,5,81.6,90.3,97.4,102.1,168.4,203,416.2,857.6
1996,6,81.6,90.3,97.4,102.1,168.4,203,416.2,857.6
1996,7,81.6,90.3,97.4,102.1,168.4,203,416.2,857.6
1996,8,81.9,90.6,97.7,102.5,168.9,203.6,417.5,860.3
1996,9,81.9,90.6,97.7,102.5,168.9,203.6,417.5,860.3
1996,10,81.9,90.6,97.7,102.5,168.9,203.6,417.5,860.3
1996,11,82.1,90.8,97.9,102.7,169.4,204.1,418.5,862.4
1996,12,82.1,90.8,97.9,102.7,169.4,204.1,418.5,862.4
1997,1,82.1,90.8,97.9,102.7,169.4,204.1,418.5,862.4
1997,2,82.3,91,98.2,103,169.8,204.6,419.5,864.4
1997,3,82.3,91,98.2,103,169.8,204.6,419.5,864.4
1997,4,82.3,91,98.2,103,169.8,204.6,419.5,864.4
1997,5,82,90.7,97.9,102.6,169.2,203.9,418.1,861.7
1997,6,82,90.7,97.9,102.6,169.2,203.9,418.1,861.7
1997,7,82,90.7,97.9,102.6,169.2,203.9,418.1,861.7
1997,8,82.2,90.9,98,102.8,169.5,204.3,418.9,863.3
1997,9,82.2,90.9,98,102.8,169.5,204.3,418.9,863.3
1997,10,82.2,90.9,98,102.8,169.5,204.3,418.9,863.3
1997,11,82.1,90.8,97.9,102.7,169.4,204.1,418.5,862.4
1997,12,82.1,90.8,97.9,102.7,169.4,204.1,418.5,862.4
1998,1,82.1,90.8,97.9,102.7,169.4,204.1,418.5,862.4
1998,2,82.3,91,98.1,102.9,169.7,204.5,419.4,864.2
1998,3,82.3,91,98.1,102.9,169.7,204.5,419.4,864.2
1998,4,82.3,91,98.1,102.9,169.7,204.5,419.4,864.2
1998,5,82.1,90.8,97.9,102.7,169.4,204.1,418.6,862.5
1998,6,82.1,90.8,97.9,102.7,169.4,204.1,418.6,862.5
1998,7,82.1,90.8,97.9,102.7,169.4,204.1,418.6,862.5
1998,8,82.2,91,98.1,102.9,169.6,204.4,419.2,863.8
1998,9,82.2,91,98.1,102.9,169.6,204.4,419.2,863.8
1998,10,82.2,91,98.1,102.9,169.6,204.4,419.2,863.8
1998,11,82.2,90.9,98,102.8,169.6,204.4,419,863.4
1998,12,82.2,90.9,98,102.8,169.6,204.4,419,863.4
1999,1,82.2,90.9,98,102.8,169.6,204.4,419,863.4
1999,2,82.5,91.3,98.4,103.2,170.2,205.1,420.6,866.7
1999,3,82.5,91.3,98.4,103.2,170.2,205.1,420.6,866.7
1999,4,82.5,91.3,98.4,103.2,170.2,205.1,420.6,866.7
1999,5,82.6,91.4,98.6,103.4,170.4,205.4,421.1,867.9
1999,6,82.6,91.4,98.6,103.4,170.4,205.4,421.1,867.9
1999,7,82.6,91.4,98.6,103.4,170.4,205.4,421.1,867.9
1999,8,83.2,92,99.2,104.1,171.6,206.9,424.1,874
1999,9,83.2,92,99.2,104.1,171.6,206.9,424.1,874
1999,10,83.2,92,99.2,104.1,171.6,206.9,424.1,874
1999,11,83,91.8,99,103.8,171.2,206.3,423,871.7
1999,12,83,91.8,99,103.8,171.2,206.3,423,871.7
2000,1,83,91.8,99,103.8,171.2,206.3,423,871.7
2000,2,83.4,92.3,99.6,104.4,172.2,207.5,425.4,876.7
2000,3,83.4,92.3,99.6,104.4,172.2,207.5,425.4,876.7
2000,4,83.4,92.3,99.6,104.4,172.2,207.5,425.4,876.7
2000,5,83.8,92.7,100,104.9,172.9,208.4,427.3,880.6
2000,6,83.8,92.7,100,104.9,172.9,208.4,427.3,880.6
2000,7,83.8,92.7,100,104.9,172.9,208.4,427.3,880.6
2000,8,84.1,93.1,100.4,105.3,173.6,209.3,429,884.1
2000,9,84.1,93.1,100.4,105.3,173.6,209.3,429,884.1
2000,10,84.1,93.1,100.4,105.3,173.6,209.3,429,884.1
2000,11,85.4,94.5,101.9,106.9,176.3,212.5,435.6,897.7
2000,12,85.4,94.5,101.9,106.9,176.3,212.5,435.6,897.7
2001,1,85.4,94.5,101.9,106.9,176.3,212.5,435.6,897.7
2001,2,85.9,95,102.5,107.5,177.2,213.6,437.9,902.4
2001,3,85.9,95,102.5,107.5,177.2,213.6,437.9,902.4
2001,4,85.9,95,102.5,107.5,177.2,213.6,437.9,902.4
2001,5,86.5,95.7,103.2,108.2,178.4,215,440.8,908.5
2001,6,86.5,95.7,103.2,108.2,178.4,215,440.8,908.5
2001,7,86.5,95.7,103.2,108.2,178.4,215,440.8,908.5
2001,8,86.7,95.9,103.4,108.4,178.8,215.5,441.8,910.5
2001,9,86.7,95.9,103.4,108.4,178.8,215.5,441.8,910.5
2001,10,86.7,95.9,103.4,108.4,178.8,215.5,441.8,910.5
2001,11,86.9,96.2,103.7,108.8,179.4,216.2,443.2,913.4
2001,12,86.9,96.2,103.7,108.8,179.4,216.2,443.2,913.4
2002,1,86.9,96.2,103.7,108.8,179.4,216.2,443.2,913.4
2002,2,87.1,96.4,104,109,179.8,216.7,444.3,915.6
2002,3,87.1,96.4,104,109,179.8,216.7,444.3,915.6
2002,4,87.1,96.4,104,109,179.8,216.7,444.3,915.6
2002,5,87.3,96.6,104.1,109.2,180.1,217,445,916.9
2002,6,87.3,96.6,104.1,109.2,180.1,217,445,916.9
2002,7,87.3,96.6,104.1,109.2,180.1,217,445,916.9
2002,8,87.4,96.7,104.3,109.3,180.3,217.3,445.5,918.1
2002,9,87.4,96.7,104.3,109.3,180.3,217.3,445.5,918.1
2002,10,87.4,96.7,104.3,109.3,180.3,217.3,445.5,918.1
2002,11,87.4,96.7,104.3,109.4,180.3,217.3,445.6,918.3
2002,12,87.4,96.7,104.3,109.4,180.3,217.3,445.6,918.3
2003,1,87.4,96.7,104.3,109.4,180.3,217.3,445.6,918.3
2003,2,87.4,96.7,104.3,109.3,180.3,217.3,445.5,918.1
2003,3,87.4,96.7,104.3,109.3,180.3,217.3,445.5,918.1
2003,4,87.4,96.7,104.3,109.3,180.3,217.3,445.5,918.1
2003,5,87.4,96.7,104.3,109.4,180.3,217.3,445.5,918.1
2003,6,87.4,96.7,104.3,109.4,180.3,217.3,445.5,918.1
2003,7,87.4,96.7,104.3,109.4,180.3,217.3,445.5,918.1
2003,8,87.7,97,104.6,109.7,180.9,218,446.9,921
2003,9,87.7,97,104.6,109.7,180.9,218,446.9,921
2003,10,87.7,97,104.6,109.7,180.9,218,446.9,921
2003,11,87.7,97,104.6,109.7,180.9,218.1,447.1,921.3
2003,12,87.7,97,104.6,109.7,180.9,218.1,447.1,921.3
2004,1,87.7,97,104.6,109.7,180.9,218.1,447.1,921.3
2004,2,88,97.4,105,110.1,181.6,218.9,448.8,924.8
2004,3,88,97.4,105,110.1,181.6,218.9,448.8,924.8
2004,4,88,97.4,105,110.1,181.6,218.9,448.8,924.8
2004,5,88.2,97.6,105.3,110.4,182.1,219.5,449.9,927.2
2004,6,88.2,97.6,105.3,110.4,182.1,219.5,449.9,927.2
2004,7,88.2,97.6,105.3,110.4,182.1,219.5,449.9,927.2
2004,8,89,98.5,106.2,111.4,183.7,221.4,454,935.6
2004,9,89,98.5,106.2,111.4,183.7,221.4,454,935.6
2004,10,89,98.5,106.2,111.4,183.7,221.4,454,935.6
2004,11,89.5,99,106.8,112,184.7,222.6,456.4,940.5
2004,12,89.5,99,106.8,112,184.7,222.6,456.4,940.5
2005,1,89.5,99,106.8,112,184.7,222.6,456.4,940.5
2005,2,89.6,99.1,106.9,112.1,184.8,222.7,456.6,941
2005,3,89.6,99.1,106.9,112.1,184.8,222.7,456.6,941
2005,4,89.6,99.1,106.9,112.1,184.8,222.7,456.6,941
2005,5,89.6,99.1,106.9,112.1,184.9,222.8,456.9,941.5
2005,6,89.6,99.1,106.9,112.1,184.9,222.8,456.9,941.5
2005,7,89.6,99.1,106.9,112.1,184.9,222.8,456.9,941.5
2005,8,89.9,99.5,107.3,112.5,185.5,223.6,458.4,944.7
2005,9,89.9,99.5,107.3,112.5,185.5,223.6,458.4,944.7
2005,10,89.9,99.5,107.3,112.5,185.5,223.6,458.4,944.7
2005,11,90.4,100,107.8,113.1,186.5,224.8,460.8,949.7
2005,12,90.4,100,107.8,113.1,186.5,224.8,460.8,949.7
2006,1,90.4,100,107.8,113.1,186.5,224.8,460.8,949.7
2006,2,91.2,100.9,108.8,114.1,188.1,226.7,464.8,957.8
2006,3,91.2,100.9,108.8,114.1,188.1,226.7,464.8,957.8
2006,4,91.2,100.9,108.8,114.1,188.1,226.7,464.8,957.8
2006,5,91.6,101.3,109.3,114.6,189,227.8,467,962.4
2006,6,91.6,101.3418,109.3,114.6,189,227.8,467,962.4
2006,7,91.6,101.3418,109.3,114.6,189,227.8,467,962.4
2006,8,91.9,101.7,109.7,115.1,189.7,228.6,468.8,966
2006,9,91.9,101.7,109.7,115.1,189.7,228.6,468.8,966
2006,10,91.9,101.7,109.7,115.1,189.7,228.6,468.8,966
2006,11,92.4,102.2,110.2,115.6,190.6,229.7,470.9,970.4
2006,12,92.4,102.2,110.2,115.6,190.6,229.7,470.9,970.4
2007,1,92.4,102.2,110.2,115.6,190.6,229.7,470.9,970.4
2007,2,93.2,103.2,111.3,116.7,192.4,231.9,475.4,979.7
2007,3,93.2,103.2,111.3,116.7,192.4,231.9,475.4,979.7
2007,4,93.2,103.2,111.3,116.7,192.4,231.9,475.4,979.7
2007,5,93.9,103.9,112,117.5,193.8,233.5,478.8,986.7
2007,6,93.9,103.9,112,117.5,193.8,233.5,478.8,986.7
2007,7,93.9,103.9,112,117.5,193.8,233.5,478.8,986.7
2007,8,93.9,103.8,112,117.5,193.7,233.4,478.6,986.2
2007,9,93.9,103.8,112,117.5,193.7,233.4,478.6,986.2
2007,10,93.9,103.8,112,117.5,193.7,233.4,478.6,986.2
2007,11,94.3,104.3,112.5,118,194.6,234.5,480.7,990.7
2007,12,94.3,104.3,112.5,118,194.6,234.5,480.7,990.7
2008,1,94.3,104.3,112.5,118,194.6,234.5,480.7,990.7
2008,2,94.9,105,113.2,118.8,195.8,236,483.9,997.1
2008,3,94.9,105,113.2,118.8,195.8,236,483.9,997.1
2008,4,94.9,105,113.2,118.8,195.8,236,483.9,997.1
2008,5,96.1,106.3,114.6,120.2,198.2,238.9,489.8,1009.2
2008,6,96.1,106.3,114.6,120.2,198.2,238.9,489.8,1009.2
2008,7,96.1,106.3,114.6,120.2,198.2,238.9,489.8,1009.2
2008,8,96.6,106.9,115.2,120.9,199.3,240.2,492.5,1014.8
2008,9,96.6,106.9,115.2,120.9,199.3,240.2,492.5,1014.8
2008,10,96.6,106.9,115.2,120.9,199.3,240.2,492.5,1014.8
2008,11,97.2,107.5,116,121.6,200.5,241.7,495.6,1021.2
2008,12,97.2,107.5,116,121.6,200.5,241.7,495.6,1021.2
2009,1,97.2,107.5,116,121.6,200.5,241.7,495.6,1021.2
2009,2,98.2,108.6,117.1,122.9,202.6,244.1,500.6,1031.5
2009,3,98.2,108.6,117.1,122.9,202.6,244.1,500.6,1031.5
2009,4,98.2,108.6,117.1,122.9,202.6,244.1,500.6,1031.5
2009,5,98.5,109,117.6,123.3,203.3,245,502.3,1035.2
2009,6,98.5,109,117.6,123.3,203.3,245,502.3,1035.2
2009,7,98.5,109,117.6,123.3,203.3,245,502.3,1035.2
2009,8,98.5,109,117.5,123.2,203.2,244.9,502.1,1034.8
2009,9,98.5,109,117.5,123.2,203.2,244.9,502.1,1034.8
2009,10,98.5,109,117.5,123.2,203.2,244.9,502.1,1034.8
2009,11,98.6,109.1,117.7,123.4,203.5,245.3,502.9,1036.4
2009,12,98.6,109.1,117.7,123.4,203.5,245.3,502.9,1036.4
2010,1,98.6,109.1,117.7,123.4,203.5,245.3,502.9,1036.4
2010,2,99.4,109.9,118.6,124.3,205,247.1,506.6,1044
2010,3,99.4,109.9,118.6,124.3,205,247.1,506.6,1044
2010,4,99.4,109.9,118.6,124.3,205,247.1,506.6,1044
2010,5,99.5,110.1,118.7,124.5,205.3,247.5,507.4,1045.6
2010,6,99.5,110.1,118.7,124.5,205.3,247.5,507.4,1045.6
2010,7,99.5,110.1,118.7,124.5,205.3,247.5,507.4,1045.6
2010,8,99.4,109.9,118.5,124.3,205,247.1,506.6,1043.9
2010,9,99.4,109.9,118.5,124.3,205,247.1,506.6,1043.9
2010,10,99.4,109.9,118.5,124.3,205,247.1,506.6,1043.9
2010,11,100,110.6,119.3,125.1,206.3,248.7,509.9,1050.7
2010,12,100,110.6,119.3,125.1,206.3,248.7,509.9,1050.7
2011,1,100,110.6,119.3,125.1,206.3,248.7,509.9,1050.7
2011,2,100.9,111.6,120.4,126.3,208.2,250.9,514.4,1060.1
2011,3,100.9,111.6,120.4,126.3,208.2,250.9,514.4,1060.1
2011,4,100.9,111.6,120.4,126.3,208.2,250.9,514.4,1060.1
2011,5,100.7,111.4,120.1,126,207.7,250.4,513.3,1057.8
2011,6,100.7,111.4,120.1,126,207.7,250.4,513.3,1057.8
2011,7,100.7,111.4,120.1,126,207.7,250.4,513.3,1057.8
2011,8,100.8,111.5,120.3,126.1,208,250.6,513.9,1058.9
2011,9,100.8,111.5,120.3,126.1,208,250.6,513.9,1058.9
2011,10,100.8,111.5,120.3,126.1,208,250.6,513.9,1058.9
2011,11,101.1,111.8,120.6,126.5,208.6,251.4,515.4,1062.1
2011,12,101.1,111.8,120.6,126.5,208.6,251.4,515.4,1062.1
2012,1,101.1,111.8,120.6,126.5,208.6,251.4,515.4,1062.1
2012,2,101.6,112.4,121.3,127.2,209.7,252.7,518.2,1067.8
2012,3,101.6,112.4,121.3,127.2,209.7,252.7,518.2,1067.8
2012,4,101.6,112.4,121.3,127.2,209.7,252.7,518.2,1067.8
2012,5,101.4,112.2,121,126.9,209.3,252.2,517.1,1065.7
2012,6,101.4,112.2,121,126.9,209.3,252.2,517.1,1065.7
2012,7,101.4,112.2,121,126.9,209.3,252.2,517.1,1065.7
2012,8,101.3,112.1,120.9,126.8,209.1,252,516.6,1064.6
2012,9,101.3,112.1,120.9,126.8,209.1,252,516.6,1064.6
2012,10,101.3,112.1,120.9,126.8,209.1,252,516.6,1064.6
2012,11,101.1,111.8,120.6,126.5,208.6,251.4,515.5,1062.2
2012,12,101.1,111.8,120.6,126.5,208.6,251.4,515.5,1062.2
2013,1,101.1,111.8,120.6,126.5,208.6,251.4,515.5,1062.2
2013,2,101.3,112.1,120.9,126.8,209,251.9,516.5,1064.4
2013,3,101.3,112.1,120.9,126.8,209,251.9,516.5,1064.4
2013,4,101.3,112.1,120.9,126.8,209,251.9,516.5,1064.4
2013,5,101.7,112.5,121.3,127.3,209.8,252.9,518.5,1068.5
2013,6,101.7,112.5,121.3,127.3,209.8,252.9,518.5,1068.5
2013,7,101.7,112.5,121.3,127.3,209.8,252.9,518.5,1068.5
2013,8,102.2,113.1,121.9,127.9,210.9,254.1,521,1073.7
2013,9,102.2,113.1,121.9,127.9,210.9,254.1,521,1073.7
2013,10,102.2,113.1,121.9,127.9,210.9,254.1,521,1073.7
2013,11,102.5,113.4,122.3,128.2,211.5,254.8,522.5,1076.7
2013,12,102.5,113.4,122.3,128.2,211.5,254.8,522.5,1076.7
2014,1,102.5,113.4,122.3,128.2,211.5,254.8,522.5,1076.7
2014,2,102.7,113.6,122.5,128.5,211.9,255.4,523.7,1079.1
2014,3,102.7,113.6,122.5,128.5,211.9,255.4,523.7,1079.1
2014,4,102.7,113.6,122.5,128.5,211.9,255.4,523.7,1079.1
2014,5,102.8,113.7,122.6,128.6,212,255.5,523.9,1079.7
2014,6,102.8,113.7,122.6,128.6,212,255.5,523.9,1079.7
2014,7,102.8,113.7,122.6,128.6,212,255.5,523.9,1079.7
2014,8,103.4,114.4,123.4,129.4,213.3,257.1,527.1,1086.2
2014,9,103.4,114.4,123.4,129.4,213.3,257.1,527.1,1086.2
2014,10,103.4,114.4,123.4,129.4,213.3,257.1,527.1,1086.2
2014,11,103.6,114.6,123.6,129.6,213.8,257.6,528.2,1088.5
2014,12,103.6,114.6,123.6,129.6,213.8,257.6,528.2,1088.5
2015,1,103.6,114.6,123.6,129.6,213.8,257.6,528.2,1088.5
2015,2,103.8,114.8,123.8,129.8,214.1,258,529,1090.2
2015,3,103.8,114.8,123.8,129.8,214.1,258,529,1090.2
2015,4,103.8,114.8,123.8,129.8,214.1,258,529,1090.2
2015,5,104,115.1,124.1,130.2,214.6,258.7,530.4,1093
2015,6,104,115.1,124.1,130.2,214.6,258.7,530.4,1093
2015,7,104,115.1,124.1,130.2,214.6,258.7,530.4,1093
2015,8,0,0,0,0,0,0,0,0
2015,9,0,0,0,0,0,0,0,0
2015,10,0,0,0,0,0,0,0,0
2015,11,0,0,0,0,0,0,0,0
2015,12,0,0,0,0,0,0,0,0
