date,cpim191406,cpim193908,cpim196609,cpim197709,cpim198212,cpim199305,cpim200005,cpim200512,cpim201012,ccpim
7672,215.70,,,,,,,,,
7703,213.20,,,,,,,,,-1.20
7731,210.30,,,,,,,,,-1.40
7762,208.20,,,,,,,,,-1.00
7792,203.30,,,,,,,,,-2.40
7823,199.50,,,,,,,,,-1.90
7853,197.50,,,,,,,,,-1.00
7884,196.60,,,,,,,,,-0.50
7915,194.30,,,,,,,,,-1.20
7945,192.20,,,,,,,,,-1.10
7976,188.40,,,,,,,,,-2.00
8006,183.80,,,,,,,,,-2.40
8037,183.20,,,,,,,,,-0.30
8068,175.80,,,,,,,,,-4.00
8096,168.70,,,,,,,,,-4.00
8127,163.60,,,,,,,,,-3.00
8157,159.50,,,,,,,,,-2.50
8188,159.20,,,,,,,,,-0.20
8218,159.60,,,,,,,,,0.30
8249,158.30,,,,,,,,,-0.80
8280,158.40,,,,,,,,,0.10
8310,159.60,,,,,,,,,0.80
8341,160.70,,,,,,,,,0.70
8371,160.60,,,,,,,,,-0.10
8402,160.90,,,,,,,,,0.20
8433,159.60,,,,,,,,,-0.80
8461,160.40,,,,,,,,,0.50
8492,161.70,,,,,,,,,0.80
8522,163.20,,,,,,,,,0.90
8553,164.70,,,,,,,,,0.90
8583,164.70,,,,,,,,,0.00
8614,164.70,,,,,,,,,0.00
8645,164.80,,,,,,,,,0.10
8675,165.30,,,,,,,,,0.30
8706,167.50,,,,,,,,,1.30
8736,168.30,,,,,,,,,0.50
8767,169.00,,,,,,,,,0.40
8798,168.20,,,,,,,,,-0.50
8827,168.20,,,,,,,,,0.00
8858,167.40,,,,,,,,,-0.50
8888,167.10,,,,,,,,,-0.20
8919,167.60,,,,,,,,,0.30
8949,168.10,,,,,,,,,0.30
8980,168.00,,,,,,,,,-0.10
9011,168.20,,,,,,,,,0.10
9041,170.80,,,,,,,,,1.50
9072,171.50,,,,,,,,,0.40
9102,171.10,,,,,,,,,-0.20
9133,169.70,,,,,,,,,-0.80
9164,169.60,,,,,,,,,-0.10
9192,169.30,,,,,,,,,-0.20
9223,168.30,,,,,,,,,-0.60
9253,168.00,,,,,,,,,-0.20
9284,168.10,,,,,,,,,0.10
9314,167.90,,,,,,,,,-0.10
9345,168.00,,,,,,,,,0.10
9376,168.40,,,,,,,,,0.20
9406,167.30,,,,,,,,,-0.70
9437,167.20,,,,,,,,,-0.10
9467,166.80,,,,,,,,,-0.20
9498,165.80,,,,,,,,,-0.60
9529,164.30,,,,,,,,,-0.90
9557,163.40,,,,,,,,,-0.50
9588,162.00,,,,,,,,,-0.90
9618,161.80,,,,,,,,,-0.10
9649,161.70,,,,,,,,,-0.10
9679,161.60,,,,,,,,,-0.10
9710,160.80,,,,,,,,,-0.50
9741,161.10,,,,,,,,,0.20
9771,161.40,,,,,,,,,0.20
9802,161.00,,,,,,,,,-0.20
9832,160.90,,,,,,,,,-0.10
9863,160.20,,,,,,,,,-0.40
9894,159.70,,,,,,,,,-0.30
9922,158.80,,,,,,,,,-0.60
9953,158.00,,,,,,,,,-0.50
9983,159.60,,,,,,,,,1.00
10014,160.40,,,,,,,,,0.50
10044,160.00,,,,,,,,,-0.20
10075,159.80,,,,,,,,,-0.10
10106,161.20,,,,,,,,,0.90
10136,161.50,,,,,,,,,0.20
10167,162.30,,,,,,,,,0.50
10197,162.00,,,,,,,,,-0.20
10228,161.30,,,,,,,,,-0.40
10259,160.60,,,,,,,,,-0.40
10288,159.80,,,,,,,,,-0.50
10319,160.10,,,,,,,,,0.20
10349,160.40,,,,,,,,,0.20
10380,160.80,,,,,,,,,0.20
10410,161.10,,,,,,,,,0.20
10441,160.60,,,,,,,,,-0.30
10472,161.00,,,,,,,,,0.20
10502,162.00,,,,,,,,,0.60
10533,162.30,,,,,,,,,0.20
10563,162.20,,,,,,,,,-0.10
10594,161.30,,,,,,,,,-0.60
10625,161.30,,,,,,,,,0.00
10653,160.60,,,,,,,,,-0.40
10684,159.30,,,,,,,,,-0.80
10714,160.00,,,,,,,,,0.40
10745,161.00,,,,,,,,,0.60
10775,160.80,,,,,,,,,-0.10
10806,161.60,,,,,,,,,0.50
10837,162.50,,,,,,,,,0.60
10867,162.50,,,,,,,,,0.00
10898,162.00,,,,,,,,,-0.30
10928,161.50,,,,,,,,,-0.30
10959,160.60,,,,,,,,,-0.60
10990,159.80,,,,,,,,,-0.50
11018,159.40,,,,,,,,,-0.30
11049,157.90,,,,,,,,,-0.90
11079,157.80,,,,,,,,,-0.10
11110,158.30,,,,,,,,,0.30
11140,158.60,,,,,,,,,0.20
11171,158.80,,,,,,,,,0.10
11202,158.70,,,,,,,,,-0.10
11232,157.70,,,,,,,,,-0.60
11263,157.30,,,,,,,,,-0.30
11293,156.20,,,,,,,,,-0.70
11324,155.60,,,,,,,,,-0.40
11355,154.70,,,,,,,,,-0.60
11383,153.10,,,,,,,,,-1.00
11414,150.60,,,,,,,,,-1.60
11444,150.30,,,,,,,,,-0.20
11475,150.20,,,,,,,,,-0.10
11505,149.90,,,,,,,,,-0.20
11536,149.20,,,,,,,,,-0.50
11567,149.20,,,,,,,,,0.00
11597,147.60,,,,,,,,,-1.10
11628,146.70,,,,,,,,,-0.60
11658,144.80,,,,,,,,,-1.30
11689,143.70,,,,,,,,,-0.80
11720,142.30,,,,,,,,,-1.00
11749,141.70,,,,,,,,,-0.40
11780,139.70,,,,,,,,,-1.40
11810,138.70,,,,,,,,,-0.70
11841,138.30,,,,,,,,,-0.30
11871,137.60,,,,,,,,,-0.50
11902,137.00,,,,,,,,,-0.40
11933,136.40,,,,,,,,,-0.40
11963,136.20,,,,,,,,,-0.10
11994,135.50,,,,,,,,,-0.50
12024,134.40,,,,,,,,,-0.80
12055,133.40,,,,,,,,,-0.70
12086,132.80,,,,,,,,,-0.40
12114,132.10,,,,,,,,,-0.50
12145,131.20,,,,,,,,,-0.70
12175,130.50,,,,,,,,,-0.50
12206,130.80,,,,,,,,,0.20
12236,130.70,,,,,,,,,-0.10
12267,130.70,,,,,,,,,0.00
12298,131.20,,,,,,,,,0.40
12328,131.20,,,,,,,,,0.00
12359,131.40,,,,,,,,,0.20
12389,131.30,,,,,,,,,-0.10
12420,131.10,,,,,,,,,-0.20
12451,130.80,,,,,,,,,-0.20
12479,130.10,,,,,,,,,-0.50
12510,129.90,,,,,,,,,-0.20
12540,129.20,,,,,,,,,-0.50
12571,129.50,,,,,,,,,0.20
12601,129.00,,,,,,,,,-0.40
12632,128.70,,,,,,,,,-0.20
12663,128.80,,,,,,,,,0.10
12693,128.80,,,,,,,,,0.00
12724,129.00,,,,,,,,,0.20
12754,128.80,,,,,,,,,-0.20
12785,128.00,,,,,,,,,-0.60
12816,127.50,,,,,,,,,-0.40
12844,127.20,,,,,,,,,-0.20
12875,126.60,,,,,,,,,-0.50
12905,126.30,,,,,,,,,-0.20
12936,127.30,,,,,,,,,0.80
12966,128.20,,,,,,,,,0.70
12997,128.70,,,,,,,,,0.40
13028,128.80,,,,,,,,,0.10
13058,129.30,,,,,,,,,0.40
13089,129.90,,,,,,,,,0.50
13119,130.00,,,,,,,,,0.10
13150,129.70,,,,,,,,,-0.20
13181,129.50,,,,,,,,,-0.20
13210,129.70,,,,,,,,,0.20
13241,129.90,,,,,,,,,0.20
13271,129.50,,,,,,,,,-0.30
13302,130.10,,,,,,,,,0.50
13332,130.20,,,,,,,,,0.10
13363,130.20,,,,,,,,,0.00
13394,130.50,,,,,,,,,0.20
13424,131.60,,,,,,,,,0.80
13455,132.00,,,,,,,,,0.30
13485,132.00,,,,,,,,,0.00
13516,133.50,,,,,,,,,1.10
13547,136.40,,,,,,,,,2.20
13575,136.30,,,,,,,,,-0.10
13606,136.70,,,,,,,,,0.30
13636,136.30,,,,,,,,,-0.30
13667,137.20,,,,,,,,,0.70
13697,137.10,,,,,,,,,-0.10
13728,137.00,,,,,,,,,-0.10
13759,137.00,,,,,,,,,0.00
13789,137.60,,,,,,,,,0.40
13820,137.80,,,,,,,,,0.10
13850,137.80,,,,,,,,,0.00
13881,137.80,,,,,,,,,0.00
13912,137.40,,,,,,,,,-0.30
13940,137.00,,,,,,,,,-0.30
13971,136.50,,,,,,,,,-0.40
14001,136.30,,,,,,,,,-0.10
14032,136.90,,,,,,,,,0.40
14062,136.80,,,,,,,,,-0.10
14093,136.40,,,,,,,,,-0.30
14124,137.30,,,,,,,,,0.70
14154,137.10,,,,,,,,,-0.10
14185,137.10,,,,,,,,,0.00
14215,136.90,,,,,,,,,-0.10
14246,136.60,,,,,,,,,-0.20
14277,136.00,,,,,,,,,-0.40
14305,135.90,,,,,,,,,-0.10
14336,136.40,,,,,,,,,0.40
14366,136.70,,,,,,,,,0.20
14397,137.40,,,,,,,,,0.50
14427,137.50,,,,,,,,,0.10
14458,137.20,100.00,,,,,,,,-0.20
14489,138.20,100.70,,,,,,,,0.70
14519,140.50,102.40,,,,,,,,1.70
14550,141.70,103.30,,,,,,,,0.90
14580,142.00,103.50,,,,,,,,0.20
14611,144.20,105.10,,,,,,,,1.50
14642,144.60,105.40,,,,,,,,0.30
14671,144.80,105.50,,,,,,,,0.10
14702,147.30,107.40,,,,,,,,1.70
14732,148.20,108.00,,,,,,,,0.60
14763,149.60,109.00,,,,,,,,0.90
14793,150.60,109.80,,,,,,,,0.70
14824,151.00,110.10,,,,,,,,0.30
14855,153.20,111.70,,,,,,,,1.50
14885,156.70,114.20,,,,,,,,2.30
14916,159.20,116.00,,,,,,,,1.60
14946,159.90,116.50,,,,,,,,0.40
14977,162.90,118.70,,,,,,,,1.90
15008,162.90,118.70,,,,,,,,0.00
15036,163.70,119.30,,,,,,,,0.50
15067,168.70,123.00,,,,,,,,3.10
15097,171.20,124.80,,,,,,,,1.50
15128,174.80,127.40,,,,,,,,2.10
15158,177.10,129.10,,,,,,,,1.30
15189,177.70,129.50,,,,,,,,0.30
15220,178.20,129.90,,,,,,,,0.30
15250,181.70,132.40,,,,,,,,2.00
15281,183.80,134.00,,,,,,,,1.20
15311,184.30,134.30,,,,,,,,0.30
15342,186.30,135.80,,,,,,,,1.10
15373,187.90,137.00,,,,,,,,0.90
15401,188.70,137.50,,,,,,,,0.40
15432,191.10,139.30,,,,,,,,1.30
15462,192.30,140.20,,,,,,,,0.60
15493,192.70,140.50,,,,,,,,0.20
15523,195.60,142.60,,,,,,,,1.50
15554,195.20,142.30,,,,,,,,-0.20
15585,195.40,142.40,,,,,,,,0.10
15615,197.40,143.90,,,,,,,,1.00
15646,198.60,144.80,,,,,,,,0.60
15676,199.60,145.50,,,,,,,,0.50
15707,200.80,146.40,,,,,,,,0.60
15738,201.20,146.60,,,,,,,,0.20
15766,201.40,146.80,,,,,,,,0.10
15797,202.60,147.70,,,,,,,,0.60
15827,202.70,147.70,,,,,,,,0.00
15858,203.30,148.20,,,,,,,,0.30
15888,203.90,148.60,,,,,,,,0.30
15919,203.50,148.30,,,,,,,,-0.20
15950,204.20,148.80,,,,,,,,0.30
15980,204.90,149.30,,,,,,,,0.30
16011,205.10,149.50,,,,,,,,0.10
16041,205.30,149.60,,,,,,,,0.10
16072,205.60,149.90,,,,,,,,0.10
16103,205.90,150.10,,,,,,,,0.10
16132,206.40,150.40,,,,,,,,0.20
16163,207.10,150.90,,,,,,,,0.30
16193,207.50,151.20,,,,,,,,0.20
16224,208.20,151.70,,,,,,,,0.30
16254,208.80,152.20,,,,,,,,0.30
16285,208.00,151.60,,,,,,,,-0.40
16316,208.00,151.60,,,,,,,,0.00
16346,208.20,151.70,,,,,,,,0.10
16377,208.20,151.70,,,,,,,,0.00
16407,208.20,151.70,,,,,,,,0.00
16438,208.50,152.00,,,,,,,,0.10
16469,208.70,152.10,,,,,,,,0.10
16497,208.80,152.20,,,,,,,,0.00
16528,209.30,152.60,,,,,,,,0.20
16558,209.60,152.80,,,,,,,,0.10
16589,210.30,153.30,,,,,,,,0.30
16619,210.50,153.40,,,,,,,,0.10
16650,210.00,153.10,,,,,,,,-0.20
16681,209.70,152.80,,,,,,,,-0.10
16711,208.30,151.80,,,,,,,,-0.70
16742,206.70,150.70,,,,,,,,-0.80
16772,206.70,150.70,,,,,,,,0.00
16803,206.80,150.70,,,,,,,,0.00
16834,205.90,150.10,,,,,,,,-0.40
16862,204.90,149.30,,,,,,,,-0.50
16893,205.10,149.50,,,,,,,,0.10
16923,206.40,150.40,,,,,,,,0.60
16954,207.30,151.10,,,,,,,,0.40
16984,207.10,150.90,,,,,,,,-0.10
17015,207.20,151.00,,,,,,,,0.00
17046,207.30,151.10,,,,,,,,0.00
17076,211.50,154.20,,,,,,,,2.00
17107,211.80,154.40,,,,,,,,0.10
17137,212.00,154.50,,,,,,,,0.10
17168,212.30,154.70,,,,,,,,0.10
17199,212.20,154.70,,,,,,,,0.00
17227,212.30,154.70,,,,,,,,0.00
17258,213.20,155.40,,,,,,,,0.40
17288,216.20,157.60,,,,,,,,1.40
17319,217.40,158.50,,,,,,,,0.60
17349,217.40,158.50,,,,,,,,0.00
17380,217.50,158.50,,,,,,,,0.00
17411,217.80,158.70,,,,,,,,0.10
17441,222.70,162.30,,,,,,,,2.20
17472,223.00,162.50,,,,,,,,0.10
17502,223.30,162.80,,,,,,,,0.10
17533,223.60,163.00,,,,,,,,0.10
17564,223.50,162.90,,,,,,,,0.00
17593,222.90,162.50,,,,,,,,-0.30
17624,222.90,162.50,,,,,,,,0.00
17654,223.10,162.60,,,,,,,,0.10
17685,223.70,163.00,,,,,,,,0.30
17715,223.00,162.50,,,,,,,,-0.30
17746,222.70,162.30,,,,,,,,-0.10
17777,223.10,162.60,,,,,,,,0.20
17807,223.20,162.70,,,,,,,,0.00
17838,226.30,164.90,,,,,,,,1.40
17868,224.60,163.70,,,,,,,,-0.80
17899,223.80,163.10,,,,,,,,-0.40
17930,223.00,162.50,,,,,,,,-0.40
17958,222.00,161.80,,,,,,,,-0.40
17989,221.20,161.20,,,,,,,,-0.40
18019,221.50,161.40,,,,,,,,0.10
18050,222.00,161.80,,,,,,,,0.20
18080,221.30,161.30,,,,,,,,-0.30
18111,221.40,161.40,,,,,,,,0.00
18142,222.00,161.80,,,,,,,,0.30
18172,221.30,161.30,,,,,,,,-0.30
18203,220.90,161.00,,,,,,,,-0.20
18233,220.30,160.60,,,,,,,,-0.30
18264,218.00,158.90,,,,,,,,-1.00
18295,217.20,158.30,,,,,,,,-0.40
18323,216.80,158.00,,,,,,,,-0.20
18354,215.90,157.50,,,,,,,,-0.40
18384,216.80,158.20,,,,,,,,0.40
18415,217.00,158.40,,,,,,,,0.10
18445,217.00,158.40,,,,,,,,0.00
18476,218.30,159.40,,,,,,,,0.60
18507,219.20,160.00,,,,,,,,0.40
18537,220.30,160.80,,,,,,,,0.50
18568,220.50,160.90,,,,,,,,0.10
18598,220.30,160.80,,,,,,,,-0.10
18629,222.30,162.30,,,,,,,,0.90
18660,223.00,162.80,,,,,,,,0.30
18688,222.80,162.70,,,,,,,,-0.10
18719,225.30,164.50,,,,,,,,1.10
18749,227.60,166.10,,,,,,,,1.00
18780,228.10,166.40,,,,,,,,0.20
18810,229.20,167.30,,,,,,,,0.50
18841,230.60,168.30,,,,,,,,0.60
18872,231.30,168.80,,,,,,,,0.30
18902,232.90,169.90,,,,,,,,0.70
18933,234.10,170.80,,,,,,,,0.50
18963,234.30,171.00,,,,,,,,0.10
18994,233.60,170.50,,,,,,,,-0.30
19025,234.10,170.80,,,,,,,,0.20
19054,234.10,170.80,,,,,,,,0.00
19085,233.20,170.10,,,,,,,,-0.40
19115,234.10,170.80,,,,,,,,0.40
19146,234.80,171.30,,,,,,,,0.30
19176,234.30,170.90,,,,,,,,-0.20
19207,234.80,171.30,,,,,,,,0.20
19238,235.30,171.60,,,,,,,,0.20
19268,234.60,171.10,,,,,,,,-0.30
19299,234.80,171.20,,,,,,,,0.10
19329,234.60,171.00,,,,,,,,-0.10
19360,233.20,169.90,,,,,,,,-0.60
19391,232.70,169.50,,,,,,,,-0.20
19419,232.50,169.30,,,,,,,,-0.10
19450,231.80,168.80,,,,,,,,-0.30
19480,232.70,169.50,,,,,,,,0.40
19511,232.90,169.70,,,,,,,,0.10
19541,232.70,169.50,,,,,,,,-0.10
19572,232.90,169.70,,,,,,,,0.10
19603,233.60,170.20,,,,,,,,0.30
19633,233.80,170.40,,,,,,,,0.10
19664,233.80,170.40,,,,,,,,0.00
19694,233.30,170.10,,,,,,,,-0.20
19725,232.80,169.80,,,,,,,,-0.20
19756,232.30,169.50,,,,,,,,-0.20
19784,232.10,169.40,,,,,,,,-0.10
19815,232.30,169.60,,,,,,,,0.10
19845,233.00,170.10,,,,,,,,0.30
19876,233.50,170.50,,,,,,,,0.20
19906,234.20,171.00,,,,,,,,0.30
19937,235.10,171.70,,,,,,,,0.40
19968,235.60,172.00,,,,,,,,0.20
19998,236.30,172.50,,,,,,,,0.30
20029,237.00,173.00,,,,,,,,0.30
20059,236.80,172.90,,,,,,,,-0.10
20090,236.10,172.40,,,,,,,,-0.30
20121,235.40,171.80,,,,,,,,-0.30
20149,235.40,171.60,,,,,,,,-0.10
20180,235.60,171.70,,,,,,,,0.10
20210,236.40,172.30,,,,,,,,0.30
20241,236.40,172.30,,,,,,,,0.00
20271,236.50,172.40,,,,,,,,0.10
20302,237.10,172.80,,,,,,,,0.20
20333,237.50,173.10,,,,,,,,0.20
20363,237.90,173.40,,,,,,,,0.20
20394,238.20,173.60,,,,,,,,0.10
20424,238.20,173.60,,,,,,,,0.00
20455,236.80,172.60,,,,,,,,-0.60
20486,237.40,173.00,,,,,,,,0.20
20515,238.00,173.50,,,,,,,,0.30
20546,237.60,173.20,,,,,,,,-0.20
20576,240.10,175.00,,,,,,,,1.00
20607,240.60,175.40,,,,,,,,0.20
20637,240.90,175.60,,,,,,,,0.10
20668,241.70,176.20,,,,,,,,0.30
20699,242.20,176.50,,,,,,,,0.20
20729,242.40,176.70,,,,,,,,0.10
20760,243.10,177.20,,,,,,,,0.30
20790,243.40,177.40,,,,,,,,0.10
20821,243.00,177.10,,,,,,,,-0.20
20852,242.60,176.80,,,,,,,,-0.20
20880,241.90,176.30,,,,,,,,-0.30
20911,242.70,176.90,,,,,,,,0.30
20941,244.20,178.00,,,,,,,,0.60
20972,244.40,178.10,,,,,,,,0.10
21002,244.90,178.50,,,,,,,,0.20
21033,246.30,179.50,,,,,,,,0.60
21064,246.80,179.90,,,,,,,,0.20
21094,247.60,180.50,,,,,,,,0.30
21125,248.30,181.00,,,,,,,,0.30
21155,248.30,181.00,,,,,,,,0.00
21186,247.60,180.50,,,,,,,,-0.30
21217,247.60,180.50,,,,,,,,0.00
21245,247.60,180.50,,,,,,,,0.00
21276,247.90,180.70,,,,,,,,0.10
21306,250.00,182.20,,,,,,,,0.80
21337,250.30,182.40,,,,,,,,0.10
21367,250.30,182.40,,,,,,,,0.00
21398,250.50,182.60,,,,,,,,0.10
21429,250.90,182.90,,,,,,,,0.20
21459,250.80,182.80,,,,,,,,-0.10
21490,250.90,182.90,,,,,,,,0.10
21520,250.50,182.60,,,,,,,,-0.20
21551,249.00,181.50,,,,,,,,-0.60
21582,248.20,180.90,,,,,,,,-0.30
21610,247.80,180.60,,,,,,,,-0.20
21641,246.80,179.90,,,,,,,,-0.40
21671,247.10,180.10,,,,,,,,0.10
21702,246.80,179.90,,,,,,,,-0.10
21732,246.80,179.90,,,,,,,,0.00
21763,247.60,180.50,,,,,,,,0.30
21794,248.50,181.10,,,,,,,,0.30
21824,248.90,181.40,,,,,,,,0.20
21855,249.20,181.60,,,,,,,,0.10
21885,249.00,181.50,,,,,,,,-0.10
21916,248.30,181.00,80.10,,,,,,,-0.30
21947,249.60,181.90,80.50,,,,,,,0.50
21976,249.60,181.90,80.50,,,,,,,0.00
22007,250.00,182.20,80.70,,,,,,,0.20
22037,251.10,183.00,81.00,,,,,,,0.40
22068,251.40,183.20,81.10,,,,,,,0.10
22098,252.00,183.70,81.30,,,,,,,0.30
22129,252.60,184.10,81.50,,,,,,,0.20
22160,253.30,184.60,81.70,,,,,,,0.30
22190,253.70,184.90,81.90,,,,,,,0.20
22221,253.70,184.90,81.90,,,,,,,0.00
22251,253.40,184.70,81.80,,,,,,,-0.10
22282,252.70,184.20,81.50,,,,,,,-0.30
22313,252.90,184.30,81.60,,,,,,,0.10
22341,252.90,184.30,81.60,,,,,,,0.00
22372,252.90,184.30,81.60,,,,,,,0.00
22402,254.80,185.70,82.20,,,,,,,0.80
22433,255.20,186.00,82.30,,,,,,,0.20
22463,255.70,186.40,82.50,,,,,,,0.20
22494,257.00,187.30,82.90,,,,,,,0.50
22525,257.40,187.60,83.00,,,,,,,0.20
22555,258.50,188.40,83.40,,,,,,,0.40
22586,262.10,191.00,84.60,,,,,,,1.40
22616,262.30,191.20,84.60,,,,,,,0.10
22647,262.60,191.40,84.70,,,,,,,0.10
22678,263.30,191.90,84.90,,,,,,,0.30
22706,263.70,192.20,85.10,,,,,,,0.20
22737,264.90,193.10,85.50,,,,,,,0.50
22767,267.00,194.60,86.10,,,,,,,0.80
22798,267.70,195.10,86.40,,,,,,,0.30
22828,268.50,195.70,86.60,,,,,,,0.30
22859,269.60,196.50,87.00,,,,,,,0.40
22890,269.50,196.40,86.90,,,,,,,-0.10
22920,269.00,196.10,86.80,,,,,,,-0.20
22951,270.30,197.00,87.20,,,,,,,0.50
22981,270.80,197.40,87.40,,,,,,,0.20
23012,271.70,198.00,87.60,,,,,,,0.30
23043,273.30,199.20,88.20,,,,,,,0.60
23071,273.30,199.20,88.20,,,,,,,0.00
23102,273.70,199.50,88.30,,,,,,,0.20
23132,275.40,200.70,88.80,,,,,,,0.60
23163,276.00,201.20,89.10,,,,,,,0.20
23193,276.60,201.60,89.20,,,,,,,0.20
23224,277.40,202.20,89.50,,,,,,,0.30
23255,278.20,202.80,89.80,,,,,,,0.30
23285,279.30,203.60,90.10,,,,,,,0.40
23316,281.00,204.80,90.70,,,,,,,0.60
23346,281.30,205.00,90.70,,,,,,,0.10
23377,281.50,205.20,90.80,,,,,,,0.10
23408,281.90,205.50,91.00,,,,,,,0.10
23437,282.10,205.60,91.00,,,,,,,0.00
23468,283.90,206.90,91.60,,,,,,,0.60
23498,285.40,208.00,92.10,,,,,,,0.50
23529,285.00,207.70,91.90,,,,,,,-0.10
23559,285.10,207.80,92.00,,,,,,,0.00
23590,285.80,208.30,92.20,,,,,,,0.20
23621,286.30,208.70,92.40,,,,,,,0.20
23651,287.20,209.30,92.70,,,,,,,0.30
23682,287.40,209.50,92.70,,,,,,,0.10
23712,287.80,209.80,92.90,,,,,,,0.10
23743,288.10,210.00,93.00,,,,,,,0.10
23774,289.10,210.70,93.30,,,,,,,0.30
23802,289.20,210.80,93.30,,,,,,,0.00
23833,290.20,211.50,93.60,,,,,,,0.30
23863,293.30,213.80,94.60,,,,,,,1.10
23894,294.40,214.60,95.00,,,,,,,0.40
23924,295.30,215.20,95.30,,,,,,,0.30
23955,296.90,216.40,95.80,,,,,,,0.60
23986,297.70,217.00,96.10,,,,,,,0.30
24016,298.70,217.70,96.40,,,,,,,0.30
24047,301.30,219.60,97.20,,,,,,,0.90
24077,302.00,220.10,97.40,,,,,,,0.20
24108,303.60,221.30,98.00,,,,,,,0.50
24139,304.40,221.90,98.20,,,,,,,0.30
24167,304.90,222.20,98.40,,,,,,,0.10
24198,305.30,222.50,98.50,,,,,,,0.10
24228,309.10,225.30,99.70,,,,,,,1.30
24259,308.70,225.00,99.60,,,,,,,-0.10
24289,308.70,225.00,99.60,,,,,,,0.00
24320,309.70,225.70,99.90,,,,,,,0.30
24351,309.90,225.90,100.00,,,,,,,0.10
24381,310.50,226.40,100.20,,,,,,,0.20
24412,314.20,229.10,101.40,,,,,,,1.20
24442,315.80,230.20,101.90,,,,,,,0.50
24473,316.70,230.90,102.20,,,,,,,0.30
24504,316.10,230.40,102.00,,,,,,,-0.20
24532,316.10,230.40,102.00,,,,,,,0.00
24563,316.40,230.60,102.10,,,,,,,0.10
24593,319.80,233.10,103.20,,,,,,,1.10
24624,322.00,234.70,103.90,,,,,,,0.70
24654,323.20,235.60,104.30,,,,,,,0.40
24685,324.50,236.50,104.70,,,,,,,0.40
24716,323.20,235.60,104.30,,,,,,,-0.40
24746,322.90,235.40,104.20,,,,,,,-0.10
24777,326.00,237.60,105.20,,,,,,,1.00
24807,326.90,238.30,105.50,,,,,,,0.30
24838,327.60,238.80,105.70,,,,,,,0.20
24869,328.20,239.20,105.90,,,,,,,0.20
24898,326.90,238.30,105.50,,,,,,,-0.40
24929,326.60,238.10,105.40,,,,,,,-0.10
24959,327.60,238.80,105.70,,,,,,,0.30
24990,327.90,239.00,105.80,,,,,,,0.10
25020,327.60,238.80,105.70,,,,,,,-0.10
25051,328.50,239.50,106.00,,,,,,,0.30
25082,328.80,239.70,106.10,,,,,,,0.10
25112,330.00,240.60,106.50,,,,,,,0.40
25143,333.10,242.80,107.50,,,,,,,0.90
25173,334.10,243.50,107.80,,,,,,,0.30
25204,335.00,244.20,108.10,,,,,,,0.30
25235,335.60,244.60,108.30,,,,,,,0.20
25263,335.00,244.20,108.10,,,,,,,-0.20
25294,334.40,243.70,107.90,,,,,,,-0.20
25324,335.90,244.90,108.40,,,,,,,0.50
25355,337.50,246.00,108.90,,,,,,,0.50
25385,337.50,246.00,108.90,,,,,,,0.00
25416,336.90,245.60,108.70,,,,,,,-0.20
25447,337.20,245.80,108.80,,,,,,,0.10
25477,337.80,246.20,109.00,,,,,,,0.20
25508,340.60,248.30,109.90,,,,,,,0.80
25538,341.80,249.20,110.30,,,,,,,0.40
25569,342.70,249.80,110.60,65.60,,,,,,0.30
25600,342.70,249.80,110.60,65.60,,,,,,0.00
25628,343.40,250.30,110.80,65.70,,,,,,0.20
25659,343.10,250.10,110.70,65.70,,,,,,-0.10
25689,346.50,252.60,111.80,66.30,,,,,,1.00
25720,348.00,253.70,112.30,66.60,,,,,,0.40
25750,348.90,254.40,112.60,66.80,,,,,,0.30
25781,350.20,255.30,113.00,67.00,,,,,,0.40
25812,352.40,256.80,113.70,67.40,,,,,,0.60
25842,354.20,258.20,114.30,67.80,,,,,,0.50
25873,358.90,261.60,115.80,68.70,,,,,,1.30
25903,360.40,262.70,116.30,69.00,,,,,,0.40
25934,362.60,264.30,117.00,69.40,,,,,,0.60
25965,364.10,265.40,117.50,69.70,,,,,,0.40
25993,366.30,267.00,118.20,70.10,,,,,,0.60
26024,366.60,267.20,118.30,70.20,,,,,,0.10
26054,370.60,270.20,119.60,70.90,,,,,,1.10
26085,371.00,270.40,119.70,71.00,,,,,,0.10
26115,372.50,271.50,120.20,71.30,,,,,,0.40
26146,373.10,272.00,120.40,71.40,,,,,,0.20
26177,375.90,274.00,121.30,71.90,,,,,,0.70
26207,377.50,275.10,121.80,72.20,,,,,,0.40
26238,382.40,278.80,123.40,73.20,,,,,,1.30
26268,384.30,280.10,124.00,73.50,,,,,,0.50
26299,386.80,281.90,124.80,74.00,,,,,,0.60
26330,388.60,283.30,125.40,74.40,,,,,,0.50
26359,389.50,284.00,125.70,74.60,,,,,,0.20
26390,389.90,284.20,125.80,74.60,,,,,,0.10
26420,393.90,287.10,127.10,75.40,,,,,,1.00
26451,396.10,288.70,127.80,75.80,,,,,,0.60
26481,396.40,288.90,127.90,75.90,,,,,,0.10
26512,397.90,290.10,128.40,76.20,,,,,,0.40
26543,401.30,292.50,129.50,76.80,,,,,,0.90
26573,405.00,295.30,130.70,77.50,,,,,,0.90
26604,408.40,297.70,131.80,78.20,,,,,,0.80
26634,410.60,299.30,132.50,78.60,,,,,,0.50
26665,415.30,302.70,134.00,79.50,,,,,,1.10
26696,418.10,304.70,134.90,80.00,,,,,,0.70
26724,421.50,307.20,136.00,80.70,,,,,,0.80
26755,422.40,307.90,136.30,80.80,,,,,,0.20
26785,425.50,310.20,137.30,81.40,,,,,,0.70
26816,428.60,312.40,138.30,82.00,,,,,,0.70
26846,429.20,312.90,138.50,82.10,,,,,,0.10
26877,430.80,314.00,139.00,82.40,,,,,,0.40
26908,434.50,316.70,140.20,83.20,,,,,,0.90
26938,443.50,323.30,143.10,84.90,,,,,,2.10
26969,452.80,330.00,146.10,86.70,,,,,,2.10
26999,459.60,335.00,148.30,88.00,,,,,,1.50
27030,463.30,337.70,149.50,88.70,,,,,,0.80
27061,459.90,335.20,148.40,88.00,,,,,,-0.70
27089,462.10,336.80,149.10,88.40,,,,,,0.50
27120,459.30,334.80,148.20,87.90,,,,,,-0.60
27150,467.30,340.70,150.80,89.40,,,,,,1.80
27181,469.80,342.50,151.60,89.90,,,,,,0.50
27211,471.40,343.60,152.10,90.20,,,,,,0.30
27242,476.00,347.00,153.60,91.10,,,,,,1.00
27273,483.80,352.60,156.10,92.60,,,,,,1.60
27303,486.90,354.90,157.10,93.20,,,,,,0.60
27334,493.70,359.90,159.30,94.50,,,,,,1.40
27364,494.30,360.30,159.50,94.60,,,,,,0.10
27395,497.10,362.30,160.40,95.10,,,,,,0.60
27426,498.60,363.50,160.90,95.40,,,,,,0.30
27454,500.50,364.80,161.50,95.80,,,,,,0.40
27485,501.70,365.70,161.90,96.00,,,,,,0.20
27515,505.40,368.40,163.10,96.70,,,,,,0.70
27546,507.30,369.80,163.70,97.10,,,,,,0.40
27576,506.40,369.10,163.40,96.90,,,,,,-0.20
27607,507.90,370.30,163.90,97.20,,,,,,0.30
27638,509.80,371.60,164.50,97.60,,,,,,0.40
27668,510.40,372.10,164.70,97.70,,,,,,0.10
27699,512.00,373.20,165.20,98.00,,,,,,0.30
27729,511.30,372.70,165.00,97.90,,,,,,-0.10
27760,514.10,374.80,165.90,98.40,,,,,,0.50
27791,513.80,374.50,165.80,98.30,,,,,,-0.10
27820,512.90,373.90,165.50,98.20,,,,,,-0.20
27851,512.90,373.90,165.50,98.20,,,,,,0.00
27881,512.00,373.20,165.20,98.00,,,,,,-0.20
27912,512.90,373.90,165.50,98.20,,,,,,0.20
27942,513.80,374.50,165.80,98.30,,,,,,0.20
27973,515.70,375.90,166.40,98.70,,,,,,0.40
28004,514.40,375.00,166.00,98.50,,,,,,-0.20
28034,515.70,375.90,166.40,98.70,,,,,,0.20
28065,516.60,376.60,166.70,98.90,,,,,,0.20
28095,517.80,377.50,167.10,99.10,,,,,,0.20
28126,518.80,378.20,167.40,99.30,,,,,,0.20
28157,519.10,378.40,167.50,99.30,,,,,,0.10
28185,518.20,377.70,167.20,99.20,,,,,,-0.20
28216,518.80,378.20,167.40,99.30,,,,,,0.10
28246,518.50,377.90,167.30,99.20,,,,,,-0.10
28277,521.90,380.40,168.40,99.90,,,,,,0.70
28307,522.20,380.60,168.50,99.90,,,,,,0.10
28338,522.20,380.60,168.50,99.90,,,,,,0.00
28369,522.50,380.90,168.60,100.00,80.20,,,,,0.10
28399,523.60,381.70,169.00,100.20,80.40,,,,,0.20
28430,523.20,381.40,168.80,100.10,80.30,,,,,-0.10
28460,523.80,381.90,169.00,100.30,80.40,,,,,0.10
28491,524.10,382.00,169.10,100.30,80.50,,,,,0.00
28522,524.60,382.50,169.30,100.40,80.50,,,,,0.10
28550,525.20,382.90,169.50,100.50,80.60,,,,,0.10
28581,526.20,383.60,169.80,100.70,80.80,,,,,0.20
28611,526.90,384.10,170.00,100.80,80.90,,,,,0.10
28642,527.80,384.70,170.30,101.00,81.00,,,,,0.20
28672,527.90,384.90,170.40,101.00,81.00,,,,,0.00
28703,528.10,385.00,170.40,101.10,81.10,,,,,0.00
28734,526.80,384.10,170.00,100.80,80.90,,,,,-0.20
28764,525.80,383.30,169.70,100.60,80.70,,,,,-0.20
28795,526.50,383.80,169.90,100.80,80.80,,,,,0.10
28825,527.60,384.60,170.30,101.00,81.00,,,,,0.20
28856,529.60,386.10,170.90,101.40,81.30,,,,,0.40
28887,535.40,390.30,172.80,102.50,82.20,,,,,1.10
28915,538.30,392.40,173.70,103.00,82.60,,,,,0.50
28946,539.70,393.40,174.10,103.30,82.80,,,,,0.30
28976,541.60,394.80,174.80,103.70,83.10,,,,,0.30
29007,549.20,400.40,177.20,105.10,84.30,,,,,1.40
29037,550.50,401.30,177.60,105.40,84.50,,,,,0.20
29068,549.50,400.60,177.30,105.20,84.30,,,,,-0.20
29099,552.10,402.50,178.20,105.70,84.80,,,,,0.50
29129,551.90,402.30,178.10,105.60,84.70,,,,,0.00
29160,554.00,403.80,178.70,106.00,85.00,,,,,0.40
29190,555.00,404.60,179.10,106.20,85.20,,,,,0.20
29221,556.70,405.80,179.60,106.50,85.50,,,,,0.30
29252,557.50,406.40,179.90,106.70,85.60,,,,,0.10
29281,559.20,407.60,180.40,107.00,85.80,,,,,0.30
29312,561.70,409.50,181.30,107.50,86.20,,,,,0.50
29342,565.10,411.90,182.30,108.20,86.70,,,,,0.60
29373,567.10,413.40,183.00,108.50,87.10,,,,,0.40
29403,568.90,414.70,183.60,108.90,87.30,,,,,0.30
29434,572.70,417.50,184.80,109.60,87.90,,,,,0.70
29465,573.00,417.70,184.90,109.70,88.00,,,,,0.00
29495,571.90,416.90,184.50,109.50,87.80,,,,,-0.20
29526,577.40,420.90,186.30,110.50,88.60,,,,,1.00
29556,579.40,422.40,187.00,110.90,88.90,,,,,0.30
29587,585.00,426.50,188.80,112.00,89.80,,,,,1.00
29618,590.70,430.60,190.60,113.10,90.70,,,,,1.00
29646,594.70,433.50,191.90,113.80,91.30,,,,,0.70
29677,593.40,432.60,191.50,113.60,91.10,,,,,-0.20
29707,598.90,436.60,193.20,114.60,91.90,,,,,0.90
29738,602.70,439.40,194.50,115.40,92.50,,,,,0.60
29768,606.30,442.00,195.60,116.00,93.10,,,,,0.60
29799,615.30,448.60,198.60,117.80,94.50,,,,,1.50
29830,615.80,448.90,198.70,117.90,94.50,,,,,0.10
29860,613.70,447.40,198.00,117.50,94.20,,,,,-0.30
29891,617.90,450.40,199.40,118.30,94.80,,,,,0.70
29921,617.80,450.30,199.30,118.20,94.80,,,,,0.00
29952,620.80,452.50,200.30,118.80,95.30,,,,,0.50
29983,621.80,453.30,200.60,119.00,95.40,,,,,0.20
30011,622.90,454.10,201.00,119.20,95.60,,,,,0.20
30042,626.40,456.60,202.10,119.90,96.20,,,,,0.60
30072,634.50,462.50,204.70,121.40,97.40,,,,,1.30
30103,640.10,466.60,206.50,122.50,98.30,,,,,0.90
30133,642.50,468.40,207.30,123.00,98.60,,,,,0.40
30164,647.40,472.00,208.90,123.90,99.40,,,,,0.80
30195,649.90,473.80,209.70,124.40,99.80,,,,,0.40
30225,651.60,475.00,210.20,124.70,100.00,,,,,0.20
30256,653.40,476.30,210.80,125.10,100.30,,,,,0.30
30286,651.50,474.90,210.20,124.70,100.00,72.20,68.10,64.70,62.10,-0.30
30317,650.50,474.20,209.90,124.50,99.90,72.10,68.00,64.60,62.00,-0.10
30348,651.40,474.90,210.20,124.70,100.00,72.20,68.10,64.70,62.10,0.10
30376,652.70,475.80,210.60,124.90,100.20,72.30,68.20,64.80,62.20,0.20
30407,654.70,477.20,211.20,125.30,100.50,72.60,68.40,65.00,62.40,0.30
30437,655.30,477.70,211.40,125.40,100.60,72.60,68.50,65.10,62.40,0.10
30468,657.90,479.60,212.30,125.90,101.00,72.90,68.80,65.30,62.70,0.40
30498,656.70,478.70,211.90,125.70,100.80,72.80,68.60,65.20,62.60,-0.20
30529,658.50,480.00,212.40,126.00,101.10,73.00,68.80,65.40,62.70,0.30
30560,659.30,480.60,212.70,126.20,101.20,73.10,68.90,65.50,62.80,0.10
30590,660.90,481.70,213.20,126.50,101.40,73.30,69.10,65.60,63.00,0.20
30621,665.10,484.80,214.60,127.30,102.10,73.70,69.50,66.00,63.40,0.60
30651,665.40,485.10,214.70,127.40,102.10,73.80,69.50,66.10,63.40,0.10
30682,667.80,486.80,215.50,127.80,102.50,74.00,69.80,66.30,63.60,0.40
30713,670.20,488.50,216.20,128.30,102.90,74.30,70.00,66.50,63.90,0.40
30742,674.60,491.70,217.60,129.10,103.50,74.80,70.50,67.00,64.30,0.70
30773,675.50,492.40,218.00,129.30,103.70,74.90,70.60,67.10,64.40,0.10
30803,674.20,491.40,217.50,129.00,103.50,74.70,70.40,66.90,64.20,-0.20
30834,676.30,493.00,218.20,129.40,103.80,75.00,70.70,67.20,64.50,0.30
30864,675.10,492.10,217.80,129.20,103.60,74.80,70.50,67.00,64.30,-0.20
30895,677.60,493.90,218.60,129.70,104.00,75.10,70.80,67.30,64.60,0.40
30926,677.10,493.60,218.50,129.60,103.90,75.10,70.80,67.20,64.50,-0.10
30956,681.40,496.70,219.80,130.40,104.60,75.50,71.20,67.70,64.90,0.60
30987,685.00,499.30,221.00,131.10,105.10,75.90,71.60,68.00,65.30,0.50
31017,684.70,499.10,220.90,131.00,105.10,75.90,71.50,68.00,65.30,0.00
31048,691.40,504.00,223.10,132.30,106.10,76.60,72.20,68.70,65.90,1.00
31079,697.10,508.10,224.90,133.40,107.00,77.30,72.80,69.20,66.40,0.80
31107,700.90,510.90,226.20,134.20,107.60,77.70,73.20,69.60,66.80,0.60
31138,700.10,510.30,225.90,134.00,107.50,77.60,73.20,69.50,66.70,-0.10
31168,699.60,510.00,225.70,133.90,107.40,77.60,73.10,69.50,66.70,-0.10
31199,699.30,509.70,225.60,133.80,107.30,77.50,73.10,69.40,66.60,0.00
31229,697.80,508.60,225.10,133.50,107.10,77.30,72.90,69.30,66.50,-0.20
31260,697.60,508.50,225.10,133.50,107.10,77.30,72.90,69.30,66.50,0.00
31291,699.80,510.10,225.80,133.90,107.40,77.60,73.10,69.50,66.70,0.30
31321,701.50,511.40,226.30,134.30,107.70,77.80,73.30,69.70,66.90,0.20
31352,706.50,515.00,227.90,135.20,108.40,78.30,73.80,70.10,67.30,0.70
31382,706.90,515.30,228.10,135.30,108.50,78.40,73.90,70.20,67.40,0.10
31413,706.60,515.10,228.00,135.20,108.50,78.30,73.80,70.20,67.30,0.00
31444,706.40,514.90,227.90,135.20,108.40,78.30,73.80,70.10,67.30,0.00
31472,707.30,515.60,228.20,135.40,108.60,78.40,73.90,70.20,67.40,0.10
31503,706.90,515.30,228.10,135.30,108.50,78.40,73.90,70.20,67.40,-0.10
31533,704.80,513.70,227.40,134.90,108.20,78.10,73.60,70.00,67.20,-0.30
31564,704.60,513.60,227.30,134.90,108.20,78.10,73.60,70.00,67.10,0.00
31594,701.30,511.20,226.30,134.20,107.60,77.70,73.30,69.60,66.80,-0.50
31625,702.60,512.20,226.70,134.50,107.90,77.90,73.40,69.80,67.00,0.20
31656,703.90,513.10,227.10,134.70,108.00,78.00,73.50,69.90,67.10,0.20
31686,704.10,513.20,227.20,134.70,108.10,78.00,73.60,69.90,67.10,0.00
31717,705.80,514.50,227.70,135.10,108.30,78.20,73.70,70.10,67.30,0.20
31747,707.20,515.50,228.20,135.30,108.50,78.40,73.90,70.20,67.40,0.20
31778,711.30,518.50,229.50,136.10,109.20,78.80,74.30,70.60,67.80,0.60
31809,713.40,520.00,230.20,136.50,109.50,79.10,74.50,70.80,68.00,0.30
31837,714.40,520.70,230.50,136.70,109.70,79.20,74.60,70.90,68.10,0.10
31868,715.30,521.40,230.80,136.90,109.80,79.30,74.70,71.00,68.20,0.10
31898,711.30,518.50,229.50,136.10,109.20,78.80,74.30,70.60,67.80,-0.60
31929,713.60,520.20,230.20,136.60,109.50,79.10,74.60,70.80,68.00,0.30
31959,713.80,520.30,230.30,136.60,109.60,79.10,74.60,70.90,68.00,0.00
31990,716.50,522.30,231.20,137.10,110.00,79.40,74.90,71.10,68.30,0.40
32021,714.80,521.10,230.60,136.80,109.70,79.20,74.70,71.00,68.10,-0.20
32051,718.00,523.30,231.60,137.40,110.20,79.60,75.00,71.30,68.40,0.40
32082,720.60,525.30,232.50,137.90,110.60,79.90,75.30,71.50,68.70,0.40
32112,720.60,525.20,232.50,137.90,110.60,79.90,75.30,71.50,68.70,0.00
32143,722.40,526.60,233.10,138.30,110.90,80.10,75.50,71.70,68.80,0.30
32174,725.90,529.10,234.20,138.90,111.40,80.50,75.90,72.10,69.20,0.50
32203,727.60,530.40,234.80,139.20,111.70,80.70,76.00,72.20,69.30,0.20
32234,729.00,531.40,235.20,139.50,111.90,80.80,76.20,72.40,69.50,0.20
32264,727.20,530.10,234.60,139.20,111.60,80.60,76.00,72.20,69.30,-0.20
32295,728.30,530.90,235.00,139.40,111.80,80.70,76.10,72.30,69.40,0.20
32325,726.70,529.70,234.50,139.10,111.50,80.60,75.90,72.20,69.30,-0.20
32356,729.20,531.60,235.30,139.60,111.90,80.80,76.20,72.40,69.50,0.30
32387,729.40,531.70,235.30,139.60,112.00,80.90,76.20,72.40,69.50,0.00
32417,730.60,532.50,235.70,139.80,112.10,81.00,76.30,72.50,69.60,0.20
32448,733.30,534.50,236.60,140.30,112.50,81.30,76.60,72.80,69.90,0.40
32478,734.60,535.50,237.00,140.60,112.80,81.40,76.80,72.90,70.00,0.20
32509,738.60,538.40,238.30,141.40,113.40,81.90,77.20,73.30,70.40,0.50
32540,742.30,541.10,239.50,142.10,113.90,82.30,77.60,73.70,70.70,0.50
32568,744.30,542.60,240.10,142.50,114.20,82.50,77.80,73.90,70.90,0.30
32599,748.20,545.40,241.40,143.20,114.80,82.90,78.20,74.30,71.30,0.50
32629,748.80,545.80,241.60,143.30,114.90,83.00,78.20,74.30,71.40,0.10
32660,750.00,546.70,242.00,143.50,115.10,83.10,78.40,74.50,71.50,0.20
32690,748.40,545.50,241.50,143.20,114.90,83.00,78.20,74.30,71.30,-0.20
32721,750.90,547.30,242.30,143.70,115.30,83.20,78.50,74.60,71.60,0.30
32752,754.10,549.70,243.30,144.30,115.80,83.60,78.80,74.90,71.90,0.40
32782,757.10,551.90,244.30,144.90,116.20,83.90,79.10,75.20,72.10,0.40
32813,765.80,558.20,247.10,146.60,117.60,84.90,80.00,76.00,73.00,1.20
32843,771.50,562.40,248.90,147.60,118.40,85.50,80.60,76.60,73.50,0.70
32874,776.00,565.70,250.40,148.50,119.10,86.00,81.10,77.00,74.00,0.60
32905,778.50,567.50,251.20,149.00,119.50,86.30,81.30,77.30,74.20,0.30
32933,781.20,569.50,252.10,149.50,119.90,86.60,81.60,77.60,74.40,0.30
32964,782.80,570.60,252.60,149.80,120.20,86.80,81.80,77.70,74.60,0.20
32994,786.60,573.40,253.80,150.50,120.70,87.20,82.20,78.10,75.00,0.50
33025,787.70,574.20,254.20,150.80,120.90,87.30,82.30,78.20,75.10,0.10
33055,788.10,574.50,254.30,150.80,121.00,87.40,82.40,78.20,75.10,0.00
33086,796.50,580.60,257.00,152.40,122.30,88.30,83.20,79.10,75.90,1.10
33117,800.30,583.40,258.20,153.20,122.80,88.70,83.60,79.50,76.30,0.50
33147,805.20,586.90,259.80,154.10,123.60,89.30,84.10,79.90,76.70,0.60
33178,812.20,592.10,262.10,155.40,124.70,90.00,84.90,80.60,77.40,0.90
33208,812.20,592.00,262.00,155.40,124.70,90.00,84.90,80.60,77.40,0.00
33239,818.80,596.80,264.20,156.70,125.70,90.80,85.60,81.30,78.00,0.80
33270,826.90,602.80,266.80,158.30,126.90,91.70,86.40,82.10,78.80,1.00
33298,827.00,602.90,266.80,158.30,126.90,91.70,86.40,82.10,78.80,0.00
33329,829.00,604.30,267.50,158.70,127.20,91.90,86.60,82.30,79.00,0.20
33359,836.00,609.40,269.70,160.00,128.30,92.70,87.40,83.00,79.70,0.80
33390,839.50,611.90,270.80,160.70,128.80,93.10,87.70,83.30,80.00,0.40
33420,839.70,612.10,270.90,160.70,128.90,93.10,87.70,83.40,80.00,0.00
33451,844.10,615.30,272.30,161.50,129.60,93.60,88.20,83.80,80.40,0.50
33482,845.70,616.50,272.90,161.90,129.80,93.80,88.40,84.00,80.60,0.20
33512,846.50,617.00,273.10,162.00,129.90,93.80,88.50,84.00,80.70,0.10
33543,856.70,624.40,276.40,164.00,131.50,95.00,89.50,85.10,81.60,1.20
33573,854.60,623.00,275.70,163.60,131.20,94.70,89.30,84.90,81.40,-0.20
33604,858.60,625.90,277.00,164.30,131.80,95.20,89.70,85.30,81.80,0.50
33635,864.80,630.40,279.00,165.50,132.70,95.90,90.40,85.90,82.40,0.70
33664,867.30,632.20,279.80,166.00,133.10,96.10,90.60,86.10,82.70,0.30
33695,868.70,633.20,280.30,166.30,133.30,96.30,90.80,86.20,82.80,0.20
33725,871.00,634.90,281.00,166.70,133.70,96.50,91.00,86.50,83.00,0.30
33756,874.40,637.40,282.10,167.40,134.20,96.90,91.40,86.80,83.30,0.40
33786,871.80,635.50,281.30,166.80,133.80,96.60,91.10,86.60,83.10,-0.30
33817,874.10,637.10,282.00,167.30,134.20,96.90,91.30,86.80,83.30,0.30
33848,875.10,637.90,282.30,167.50,134.30,97.00,91.40,86.90,83.40,0.10
33878,876.40,638.80,282.80,167.70,134.50,97.10,91.60,87.00,83.50,0.10
33909,884.80,645.00,285.50,169.30,135.80,98.10,92.50,87.90,84.30,1.00
33939,883.90,644.30,285.20,169.20,135.70,98.00,92.40,87.80,84.20,-0.10
33970,888.40,647.60,286.60,170.00,136.40,98.50,92.80,88.20,84.70,0.50
34001,894.10,651.70,288.50,171.10,137.20,99.10,93.40,88.80,85.20,0.60
34029,898.90,655.20,290.00,172.00,138.00,99.60,93.90,89.20,85.70,0.50
34060,901.60,657.20,290.90,172.50,138.40,99.90,94.20,89.50,85.90,0.30
34090,902.10,657.60,291.10,172.70,138.50,100.00,94.30,89.60,86.00,0.10
34121,901.90,657.40,291.00,172.60,138.40,100.00,94.20,89.50,85.90,0.00
34151,901.30,657.00,290.80,172.50,138.30,99.90,94.20,89.50,85.90,-0.10
34182,905.80,660.20,292.20,173.40,139.00,100.40,94.60,89.90,86.30,0.50
34213,905.20,659.80,292.10,173.20,138.90,100.30,94.60,89.90,86.30,-0.10
34243,905.90,660.30,292.30,173.40,139.00,100.40,94.70,89.90,86.30,0.10
34274,904.70,659.40,291.90,173.10,138.90,100.30,94.50,89.80,86.20,-0.10
34304,905.80,660.30,292.20,173.40,139.00,100.40,94.60,89.90,86.30,0.10
34335,906.90,661.00,292.60,173.60,139.20,100.50,94.80,90.00,86.40,0.10
34366,910.50,663.70,293.80,174.30,139.80,100.90,95.10,90.40,86.80,0.40
34394,910.60,663.70,293.80,174.30,139.80,100.90,95.10,90.40,86.80,0.00
34425,911.00,664.10,293.90,174.40,139.80,101.00,95.20,90.50,86.80,0.10
34455,905.40,660.00,292.10,173.30,139.00,100.40,94.60,89.90,86.30,-0.60
34486,906.80,661.00,292.60,173.50,139.20,100.50,94.80,90.00,86.40,0.20
34516,906.60,660.90,292.50,173.50,139.20,100.50,94.70,90.00,86.40,0.00
34547,910.20,663.50,293.70,174.20,139.70,100.90,95.10,90.40,86.70,0.40
34578,910.60,663.70,293.80,174.30,139.80,100.90,95.10,90.40,86.80,0.00
34608,909.80,663.20,293.50,174.10,139.70,100.90,95.10,90.30,86.70,-0.10
34639,909.80,663.20,293.50,174.10,139.60,100.80,95.10,90.30,86.70,0.00
34669,909.60,663.00,293.50,174.10,139.60,100.80,95.00,90.30,86.70,0.00
34700,916.10,667.80,295.60,175.30,140.60,101.50,95.70,91.00,87.30,0.70
34731,924.20,673.70,298.20,176.90,141.90,102.50,96.60,91.80,88.10,0.90
34759,924.80,674.10,298.40,177.00,141.90,102.50,96.60,91.80,88.10,0.10
34790,925.60,674.70,298.60,177.10,142.10,102.60,96.70,91.90,88.20,0.10
34820,923.80,673.40,298.10,176.80,141.80,102.40,96.50,91.70,88.00,-0.20
34851,925.70,674.80,298.70,177.20,142.10,102.60,96.70,91.90,88.20,0.20
34881,925.00,674.30,298.50,177.00,142.00,102.50,96.70,91.80,88.20,-0.10
34912,928.00,676.40,299.40,177.60,142.40,102.90,97.00,92.10,88.40,0.30
34943,928.80,677.00,299.70,177.80,142.60,103.00,97.00,92.20,88.50,0.10
34973,927.80,676.30,299.30,177.60,142.40,102.80,96.90,92.10,88.40,-0.10
35004,927.10,675.80,299.10,177.40,142.30,102.80,96.90,92.00,88.30,-0.10
35034,927.30,676.00,299.20,177.50,142.30,102.80,96.90,92.10,88.40,0.00
35065,930.00,677.90,300.00,178.00,142.70,103.10,97.20,92.30,88.60,0.30
35096,931.50,679.00,300.50,178.30,143.00,103.30,97.30,92.50,88.80,0.20
35125,933.10,680.20,301.10,178.60,143.20,103.40,97.50,92.60,88.90,0.20
35156,934.00,680.80,301.40,178.80,143.40,103.50,97.60,92.70,89.00,0.10
35186,930.60,678.30,300.20,178.10,142.80,103.20,97.20,92.40,88.70,-0.40
35217,932.40,679.70,300.80,178.40,143.10,103.40,97.40,92.60,88.90,0.20
35247,931.10,678.70,300.40,178.20,142.90,103.20,97.30,92.40,88.70,-0.10
35278,933.50,680.50,301.20,178.70,143.30,103.50,97.50,92.70,89.00,0.30
35309,934.10,680.90,301.40,178.80,143.40,103.50,97.60,92.70,89.00,0.10
35339,935.60,682.00,301.80,179.00,143.60,103.70,97.80,92.90,89.20,0.20
35370,933.80,680.70,301.30,178.70,143.30,103.50,97.60,92.70,89.00,-0.20
35400,934.60,681.20,301.50,178.90,143.40,103.60,97.70,92.80,89.10,0.10
35431,937.70,683.50,302.50,179.50,143.90,103.90,98.00,93.10,89.40,0.30
35462,939.30,684.70,303.10,179.80,144.20,104.10,98.20,93.30,89.50,0.20
35490,938.00,683.70,302.60,179.50,144.00,104.00,98.00,93.10,89.40,-0.10
35521,938.90,684.40,302.90,179.70,144.10,104.10,98.10,93.20,89.50,0.10
35551,936.00,682.30,302.00,179.10,143.70,103.80,97.80,92.90,89.20,-0.30
35582,936.90,682.90,302.30,179.30,143.80,103.90,97.90,93.00,89.30,0.10
35612,935.90,682.20,302.00,179.10,143.70,103.70,97.80,92.90,89.20,-0.10
35643,938.00,683.70,302.60,179.50,144.00,104.00,98.00,93.10,89.40,0.20
35674,937.90,683.70,302.60,179.50,144.00,104.00,98.00,93.10,89.40,0.00
35704,938.00,683.70,302.60,179.50,144.00,104.00,98.00,93.10,89.40,0.00
35735,937.70,683.50,302.50,179.50,143.90,103.90,98.00,93.10,89.40,0.00
35765,938.20,683.90,302.70,179.60,144.00,104.00,98.00,93.10,89.40,0.00
35796,937.80,683.60,302.60,179.50,144.00,104.00,98.00,93.10,89.40,0.00
35827,939.00,684.50,303.00,179.70,144.10,104.10,98.10,93.20,89.50,0.10
35855,938.30,684.00,302.70,179.60,144.00,104.00,98.00,93.20,89.40,-0.10
35886,938.70,684.20,302.90,179.60,144.10,104.10,98.10,93.20,89.50,0.00
35916,936.70,682.80,302.20,179.30,143.80,103.80,97.90,93.00,89.30,-0.20
35947,937.90,683.60,302.60,179.50,144.00,104.00,98.00,93.10,89.40,0.10
35977,936.60,682.70,302.20,179.20,143.80,103.80,97.90,93.00,89.30,-0.10
36008,939.30,684.70,303.00,179.80,144.20,104.10,98.10,93.30,89.50,0.30
36039,938.50,684.10,302.80,179.60,144.10,104.00,98.10,93.20,89.40,-0.10
36069,938.30,684.00,302.70,179.60,144.00,104.00,98.00,93.20,89.40,0.00
36100,936.80,682.90,302.30,179.30,143.80,103.80,97.90,93.00,89.30,-0.20
36130,936.60,682.70,302.20,179.30,143.80,103.80,97.90,93.00,89.30,0.00
36161,938.50,684.10,302.80,179.60,144.10,104.00,98.10,93.20,89.40,0.20
36192,941.70,686.40,303.80,180.20,144.50,104.40,98.40,93.50,89.70,0.30
36220,942.70,687.20,304.10,180.40,144.70,104.50,98.50,93.60,89.80,0.10
36251,944.30,688.30,304.70,180.70,144.90,104.70,98.70,93.80,90.00,0.20
36281,942.10,686.80,304.00,180.30,144.60,104.40,98.40,93.50,89.80,-0.20
36312,943.20,687.60,304.30,180.50,144.80,104.60,98.60,93.70,89.90,0.10
36342,943.50,687.70,304.40,180.60,144.80,104.60,98.60,93.70,89.90,0.00
36373,948.10,691.10,305.90,181.50,145.50,105.10,99.10,94.10,90.40,0.50
36404,949.90,692.40,306.50,181.80,145.80,105.30,99.30,94.30,90.50,0.20
36434,949.90,692.40,306.50,181.80,145.80,105.30,99.30,94.30,90.50,0.00
36465,949.00,691.80,306.20,181.60,145.70,105.20,99.20,94.20,90.40,-0.10
36495,952.20,694.10,307.20,182.20,146.20,105.60,99.50,94.50,90.70,0.30
36526,953.40,695.00,307.60,182.50,146.30,105.70,99.60,94.70,90.90,0.10
36557,957.00,697.60,308.80,183.20,146.90,106.10,100.00,95.00,91.20,0.40
36586,956.70,697.30,308.70,183.10,146.80,106.00,100.00,95.00,91.20,0.00
36617,957.50,698.00,308.90,183.20,147.00,106.10,100.00,95.10,91.20,0.10
36647,957.00,697.60,308.80,183.20,146.90,106.10,100.00,95.00,91.20,0.00
36678,960.60,700.20,309.90,183.80,147.40,106.50,100.40,95.40,91.50,0.40
36708,961.30,700.70,310.20,184.00,147.60,106.60,100.40,95.40,91.60,0.10
36739,958.80,698.90,309.40,183.50,147.20,106.30,100.20,95.20,91.40,-0.30
36770,963.60,702.40,310.90,184.40,147.90,106.80,100.70,95.70,91.80,0.50
36800,962.60,701.70,310.60,184.20,147.70,106.70,100.60,95.60,91.70,-0.10
36831,967.20,705.00,312.00,185.10,148.50,107.20,101.10,96.00,92.20,0.50
36861,966.40,704.50,311.80,185.00,148.30,107.10,101.00,96.00,92.10,-0.10
36892,965.80,704.00,311.60,184.80,148.20,107.10,100.90,95.90,92.00,-0.10
36923,964.40,703.00,311.20,184.60,148.00,106.90,100.80,95.80,91.90,-0.10
36951,966.00,704.10,311.70,184.90,148.30,107.10,100.90,95.90,92.10,0.20
36982,968.70,706.10,312.50,185.40,148.70,107.40,101.20,96.20,92.30,0.30
37012,973.90,709.90,314.20,186.40,149.50,108.00,101.80,96.70,92.80,0.50
37043,975.80,711.30,314.80,186.70,149.80,108.20,102.00,96.90,93.00,0.20
37073,974.30,710.20,314.30,186.50,149.50,108.00,101.80,96.70,92.80,-0.20
37104,968.90,706.30,312.60,185.40,148.70,107.40,101.20,96.20,92.30,-0.60
37135,970.10,707.20,313.00,185.70,148.90,107.50,101.40,96.30,92.40,0.10
37165,968.70,706.10,312.50,185.40,148.70,107.40,101.20,96.20,92.30,-0.20
37196,969.90,707.00,312.90,185.60,148.90,107.50,101.40,96.30,92.40,0.10
37226,969.60,706.80,312.80,185.60,148.80,107.50,101.30,96.30,92.40,0.00
37257,970.80,707.60,313.20,185.80,149.00,107.60,101.40,96.40,92.50,0.10
37288,970.80,707.60,313.20,185.80,149.00,107.60,101.40,96.40,92.50,0.00
37316,970.90,707.70,313.30,185.80,149.00,107.60,101.50,96.40,92.50,0.00
37347,979.30,713.80,316.00,187.40,150.30,108.60,102.30,97.20,93.30,0.90
37377,980.20,714.50,316.30,187.60,150.50,108.70,102.40,97.30,93.40,0.10
37408,978.90,713.60,315.80,187.40,150.30,108.50,102.30,97.20,93.30,-0.10
37438,973.80,709.80,314.20,186.40,149.50,107.90,101.80,96.70,92.80,-0.50
37469,973.50,709.60,314.10,186.30,149.40,107.90,101.70,96.70,92.80,0.00
37500,974.90,710.70,314.60,186.60,149.60,108.10,101.90,96.80,92.90,0.20
37530,980.60,714.80,316.40,187.70,150.50,108.70,102.50,97.40,93.50,0.60
37561,978.80,713.50,315.80,187.30,150.20,108.50,102.30,97.20,93.30,-0.20
37591,978.20,713.10,315.60,187.20,150.20,108.40,102.20,97.10,93.20,-0.10
37622,979.00,713.60,315.90,187.40,150.30,108.50,102.30,97.20,93.30,0.10
37653,980.00,714.30,316.20,187.60,150.40,108.60,102.40,97.30,93.40,0.10
37681,983.90,717.20,317.50,188.30,151.00,109.10,102.80,97.70,93.80,0.40
37712,985.90,718.60,318.10,188.70,151.30,109.30,103.00,97.90,94.00,0.20
37742,984.30,717.50,317.60,188.40,151.10,109.10,102.80,97.70,93.80,-0.20
37773,984.30,717.50,317.60,188.40,151.10,109.10,102.90,97.70,93.80,0.00
37803,976.40,711.70,315.00,186.90,149.90,108.20,102.00,96.90,93.00,-0.80
37834,978.70,713.40,315.80,187.30,150.20,108.50,102.30,97.20,93.30,0.20
37865,980.10,714.40,316.20,187.60,150.40,108.60,102.40,97.30,93.40,0.10
37895,985.10,718.10,317.80,188.50,151.20,109.20,102.90,97.80,93.90,0.50
37926,983.80,717.20,317.40,188.30,151.00,109.10,102.80,97.70,93.80,-0.10
37956,984.00,717.30,317.50,188.30,151.00,109.10,102.80,97.70,93.80,0.00
37987,980.70,714.90,316.40,187.70,150.50,108.70,102.50,97.40,93.50,-0.30
38018,980.90,715.00,316.50,187.70,150.60,108.70,102.50,97.40,93.50,0.00
38047,983.00,716.50,317.10,188.10,150.90,109.00,102.70,97.60,93.70,0.20
38078,991.30,722.60,319.80,189.70,152.10,109.90,103.60,98.40,94.50,0.80
38108,993.50,724.20,320.60,190.10,152.50,110.10,103.80,98.60,94.70,0.20
38139,995.30,725.50,321.10,190.50,152.80,110.30,104.00,98.80,94.80,0.20
38169,984.80,717.90,317.80,188.50,151.20,109.20,102.90,97.80,93.90,-1.00
38200,988.50,720.50,318.90,189.20,151.70,109.60,103.30,98.10,94.20,0.40
38231,988.50,720.60,318.90,189.20,151.70,109.60,103.30,98.20,94.20,0.00
38261,997.80,727.30,321.90,191.00,153.20,110.60,104.30,99.10,95.10,0.90
38292,998.80,728.00,322.20,191.10,153.30,110.70,104.40,99.20,95.20,0.10
38322,997.10,726.90,321.70,190.80,153.10,110.50,104.20,99.00,95.00,-0.20
38353,992.50,723.50,320.20,190.00,152.30,110.00,103.70,98.50,94.60,-0.50
38384,994.70,725.10,320.90,190.40,152.70,110.30,103.90,98.80,94.80,0.20
38412,997.10,726.80,321.70,190.80,153.10,110.50,104.20,99.00,95.00,0.20
38443,1005.30,732.80,324.30,192.40,154.30,111.40,105.00,99.80,95.80,0.80
38473,1004.30,732.10,324.00,192.20,154.20,111.30,104.90,99.70,95.70,-0.10
38504,1002.00,730.40,323.30,191.80,153.80,111.10,104.70,99.50,95.50,-0.20
38534,996.60,726.40,321.50,190.70,153.00,110.50,104.10,98.90,95.00,-0.50
38565,998.00,727.50,322.00,191.00,153.20,110.60,104.30,99.10,95.10,0.10
38596,1002.40,730.70,323.40,191.80,153.90,111.10,104.70,99.50,95.50,0.40
38626,1011.10,737.00,326.20,193.50,155.20,112.10,105.70,100.40,96.40,0.90
38657,1008.30,735.00,325.30,193.00,154.80,111.80,105.40,100.10,96.10,-0.30
38687,1007.20,734.20,325.00,192.80,154.60,111.60,105.20,100.00,96.00,-0.10
38718,1005.30,732.80,324.40,192.40,154.30,111.40,105.00,99.80,95.80,-0.20
38749,1008.50,735.10,325.40,193.00,154.80,111.80,105.40,100.10,96.10,0.30
38777,1007.40,734.30,325.00,192.80,154.60,111.70,105.30,100.00,96.00,-0.10
38808,1015.90,740.60,327.80,194.40,155.90,112.60,106.20,100.90,96.80,0.80
38838,1018.00,742.00,328.40,194.80,156.30,112.80,106.40,101.10,97.00,0.20
38869,1017.70,741.80,328.30,194.80,156.20,112.80,106.30,101.00,97.00,0.00
38899,1010.80,736.80,326.10,193.40,155.10,112.00,105.60,100.40,96.30,-0.70
38930,1012.50,738.00,326.70,193.80,155.40,112.20,105.80,100.50,96.50,0.20
38961,1010.30,736.50,326.00,193.40,155.10,112.00,105.60,100.30,96.30,-0.20
38991,1013.70,738.90,327.10,194.00,155.60,112.40,105.90,100.70,96.60,0.30
39022,1013.30,738.60,326.90,193.90,155.50,112.30,105.90,100.60,96.60,0.00
39052,1013.40,738.70,327.00,193.90,155.60,112.30,105.90,100.60,96.60,0.00
39083,1006.40,733.60,324.70,192.60,154.50,111.60,105.20,99.90,95.90,-0.70
39114,1008.30,735.00,325.30,193.00,154.80,111.80,105.40,100.10,96.10,0.20
39142,1009.10,735.60,325.60,193.10,154.90,111.90,105.40,100.20,96.20,0.10
39173,1020.60,743.90,329.30,195.30,156.60,113.10,106.60,101.30,97.30,1.10
39203,1022.90,745.70,330.00,195.80,157.00,113.40,106.90,101.60,97.50,0.20
39234,1024.10,746.50,330.40,196.00,157.20,113.50,107.00,101.70,97.60,0.10
39264,1018.00,742.10,328.50,194.80,156.30,112.80,106.40,101.10,97.00,-0.60
39295,1016.90,741.20,328.10,194.60,156.10,112.70,106.30,101.00,96.90,-0.10
39326,1017.90,742.00,328.40,194.80,156.20,112.80,106.40,101.10,97.00,0.10
39356,1026.60,748.30,331.20,196.50,157.60,113.80,107.30,101.90,97.80,0.90
39387,1031.20,751.70,332.70,197.40,158.30,114.30,107.80,102.40,98.30,0.50
39417,1033.70,753.50,333.50,197.80,158.70,114.60,108.00,102.60,98.50,0.20
39448,1030.80,751.40,332.60,197.30,158.20,114.30,107.70,102.30,98.20,-0.30
39479,1032.20,752.40,333.00,197.50,158.40,114.40,107.90,102.50,98.40,0.10
39508,1035.70,754.90,334.20,198.20,159.00,114.80,108.20,102.80,98.70,0.30
39539,1043.90,760.90,336.80,199.80,160.20,115.70,109.10,103.60,99.50,0.80
39569,1052.10,766.90,339.50,201.40,161.50,116.60,109.90,104.50,100.30,0.80
39600,1053.90,768.20,340.00,201.70,161.80,116.80,110.10,104.60,100.40,0.20
39630,1049.30,764.90,338.60,200.80,161.10,116.30,109.60,104.20,100.00,-0.40
39661,1046.60,762.90,337.70,200.30,160.60,116.00,109.40,103.90,99.70,-0.30
39692,1047.70,763.70,338.00,200.50,160.80,116.10,109.50,104.00,99.80,0.10
39722,1053.20,767.70,339.80,201.60,161.70,116.70,110.10,104.60,100.40,0.50
39753,1046.20,762.60,337.50,200.20,160.60,116.00,109.30,103.90,99.70,-0.70
39783,1041.00,758.80,335.90,199.20,159.80,115.40,108.80,103.40,99.20,-0.50
39814,1032.20,752.40,333.00,197.50,158.40,114.40,107.90,102.50,98.40,-0.80
39845,1034.60,754.20,333.80,198.00,158.80,114.70,108.10,102.70,98.60,0.20
39873,1031.30,751.70,332.70,197.40,158.30,114.30,107.80,102.40,98.30,-0.30
39904,1040.40,758.40,335.70,199.10,159.70,115.30,108.70,103.30,99.10,0.90
39934,1042.00,759.60,336.20,199.40,159.90,115.50,108.90,103.50,99.30,0.20
39965,1043.90,760.90,336.80,199.80,160.20,115.70,109.10,103.60,99.50,0.20
39995,1037.00,755.90,334.60,198.50,159.20,114.90,108.40,103.00,98.80,-0.70
40026,1038.10,756.70,334.90,198.70,159.30,115.10,108.50,103.10,98.90,0.10
40057,1038.00,756.60,334.90,198.70,159.30,115.10,108.50,103.10,98.90,0.00
40087,1044.40,761.30,337.00,199.90,160.30,115.80,109.10,103.70,99.50,0.60
40118,1046.50,762.80,337.60,200.30,160.60,116.00,109.30,103.90,99.70,0.20
40148,1043.90,761.00,336.80,199.80,160.20,115.70,109.10,103.60,99.50,-0.20
40179,1042.80,760.10,336.40,199.60,160.10,115.60,109.00,103.50,99.40,-0.10
40210,1044.30,761.20,336.90,199.90,160.30,115.80,109.10,103.70,99.50,0.10
40238,1045.70,762.30,337.40,200.10,160.50,115.90,109.30,103.80,99.70,0.10
40269,1054.70,768.80,340.30,201.80,161.90,116.90,110.20,104.70,100.50,0.90
40299,1053.60,768.00,339.90,201.60,161.70,116.80,110.10,104.60,100.40,-0.10
40330,1049.00,764.60,338.40,200.80,161.00,116.30,109.60,104.20,100.00,-0.40
40360,1041.30,759.10,336.00,199.30,159.80,115.40,108.80,103.40,99.20,-0.70
40391,1041.20,758.90,335.90,199.30,159.80,115.40,108.80,103.40,99.20,0.00
40422,1040.90,758.80,335.80,199.20,159.80,115.40,108.80,103.40,99.20,0.00
40452,1046.50,762.80,337.60,200.30,160.60,116.00,109.30,103.90,99.70,0.50
40483,1049.00,764.60,338.40,200.80,161.00,116.30,109.60,104.20,100.00,0.20
40513,1049.40,764.90,338.60,200.80,161.10,116.30,109.60,104.20,100.00,0.00
40544,1045.70,762.20,337.40,200.10,160.50,115.90,109.30,103.80,99.60,-0.40
40575,1049.60,765.10,338.60,200.90,161.10,116.30,109.70,104.20,100.00,0.40
40603,1056.20,769.90,340.80,202.10,162.10,117.10,110.40,104.90,100.70,0.60
40634,1057.40,770.80,341.20,202.40,162.30,117.20,110.50,105.00,100.80,0.10
40664,1057.50,770.80,341.20,202.40,162.30,117.20,110.50,105.00,100.80,0.00
40695,1054.90,769.00,340.40,201.90,161.90,116.90,110.20,104.70,100.50,-0.20
40725,1046.20,762.60,337.60,200.20,160.60,116.00,109.30,103.90,99.70,-0.80
40756,1043.20,760.40,336.60,199.60,160.10,115.60,109.00,103.60,99.40,-0.30
40787,1046.00,762.50,337.50,200.20,160.60,115.90,109.30,103.90,99.70,0.30
40817,1045.30,761.90,337.30,200.10,160.40,115.90,109.20,103.80,99.60,-0.10
40848,1043.50,760.60,336.70,199.70,160.20,115.70,109.00,103.60,99.40,-0.20
40878,1041.90,759.40,336.10,199.40,159.90,115.50,108.90,103.40,99.30,-0.20
40909,1037.40,756.20,334.70,198.50,159.20,115.00,108.40,103.00,98.90,-0.40
40940,1040.30,758.30,335.70,199.10,159.70,115.30,108.70,103.30,99.10,0.30
40969,1046.10,762.60,337.50,200.20,160.60,116.00,109.30,103.90,99.70,0.60
41000,1046.90,763.10,337.80,200.40,160.70,116.10,109.40,103.90,99.80,0.10
41030,1046.70,763.00,337.70,200.30,160.70,116.00,109.40,103.90,99.80,0.00
41061,1043.80,760.90,336.80,199.80,160.20,115.70,109.10,103.60,99.50,-0.30
41091,1038.80,757.20,335.10,198.80,159.40,115.10,108.50,103.10,99.00,-0.50
41122,1038.40,757.00,335.00,198.70,159.40,115.10,108.50,103.10,99.00,0.00
41153,1041.70,759.30,336.10,199.40,159.90,115.50,108.80,103.40,99.30,0.30
41183,1043.00,760.30,336.50,199.60,160.10,115.60,109.00,103.60,99.40,0.10
41214,1039.60,757.80,335.40,199.00,159.60,115.20,108.60,103.20,99.10,-0.30
41244,1037.30,756.10,334.70,198.50,159.20,115.00,108.40,103.00,98.90,-0.20
41275,1034.60,754.20,333.80,198.00,158.80,114.70,108.10,102.70,98.60,-0.30
41306,1037.70,756.40,334.80,198.60,159.30,115.00,108.40,103.00,98.90,0.30
41334,1039.90,758.00,335.50,199.00,159.60,115.30,108.70,103.30,99.10,0.20
41365,1040.30,758.30,335.60,199.10,159.70,115.30,108.70,103.30,99.10,0.00
41395,1041.40,759.10,336.00,199.30,159.90,115.40,108.80,103.40,99.20,0.10
41426,1042.50,759.90,336.30,199.50,160.00,115.60,108.90,103.50,99.30,0.10
41456,1038.70,757.20,335.10,198.80,159.40,115.10,108.50,103.10,99.00,-0.40
41487,1038.00,756.60,334.90,198.60,159.30,115.10,108.50,103.10,98.90,-0.10
41518,1041.10,758.90,335.90,199.20,159.80,115.40,108.80,103.40,99.20,0.30
41548,1040.30,758.30,335.60,199.10,159.70,115.30,108.70,103.30,99.10,-0.10
41579,1040.40,758.40,335.70,199.10,159.70,115.30,108.70,103.30,99.10,0.00
41609,1038.00,756.70,334.90,198.70,159.30,115.10,108.50,103.10,98.90,-0.20
41640,1035.20,754.60,334.00,198.10,158.90,114.80,108.20,102.80,98.60,-0.30
41671,1036.20,755.30,334.30,198.30,159.10,114.90,108.30,102.90,98.70,0.10
41699,1040.00,758.10,335.50,199.00,159.60,115.30,108.70,103.30,99.10,0.40
41730,1040.70,758.60,335.80,199.20,159.70,115.40,108.70,103.30,99.20,0.10
41760,1043.70,760.80,336.70,199.80,160.20,115.70,109.10,103.60,99.50,0.30
41791,1043.00,760.30,336.50,199.60,160.10,115.60,109.00,103.60,99.40,-0.10
41821,1039.10,757.40,335.20,198.90,159.50,115.20,108.60,103.20,99.00,-0.40
41852,1038.70,757.20,335.10,198.80,159.40,115.10,108.50,103.10,99.00,0.00
41883,1040.20,758.20,335.60,199.10,159.70,115.30,108.70,103.30,99.10,0.10
41913,1040.20,758.20,335.60,199.10,159.70,115.30,108.70,103.30,99.10,0.00
41944,1039.80,757.90,335.50,199.00,159.60,115.30,108.60,103.20,99.10,0.00
41974,1034.60,754.20,333.80,198.00,158.80,114.70,108.10,102.70,98.60,-0.50
42005,1030.20,750.90,332.40,197.10,158.10,114.20,107.60,102.30,98.20,-0.40
42036,1027.50,749.00,331.50,196.60,157.70,113.90,107.40,102.00,97.90,-0.30
42064,1030.90,751.40,332.60,197.30,158.20,114.30,107.70,102.40,98.20,0.30
42095,1029.00,750.10,332.00,196.90,157.90,114.10,107.50,102.20,98.10,-0.20
42125,1031.40,751.80,332.80,197.40,158.30,114.30,107.80,102.40,98.30,0.20
42156,1032.10,752.40,333.00,197.50,158.40,114.40,107.80,102.50,98.40,0.10
